source,league_code,league,country,season,time_utc,home_team,away_team,score_home,score_away,score_ht_home,score_ht_away,result,home_shots,away_shots,home_shots_ot,away_shots_ot,home_corners,away_corners,home_fouls,away_fouls,home_yellow,away_yellow,home_red,away_red,referee,pinnacle_home,pinnacle_draw,pinnacle_away,pinnacle_over25,pinnacle_under25,pinnacle_ahh,pinnacle_aha,b365_home,b365_draw,b365_away,max_home,max_draw,max_away,max_over25,max_under25
football-data.co.uk,N1,Ередивізі,НІДЕРЛАНДИ,2023-2024,2023-08-11 19:00,Volendam,Vitesse,1,2,1,0,A,4,13,4,9,3,7,12,10,3,1,1,0,,3.47,3.88,2.07,1.6,2.46,1.94,1.96,3.75,3.75,1.85,4.0,4.0,1.98,1.61,2.55
football-data.co.uk,N1,Ередивізі,НІДЕРЛАНДИ,2023-2024,2023-08-12 15:30,PSV Eindhoven,Utrecht,2,0,1,0,H,23,7,8,1,4,2,15,14,2,1,0,0,,1.37,5.75,7.93,1.49,2.71,1.83,2.08,1.3,5.25,9.5,1.34,6.22,11.1,1.51,2.86
football-data.co.uk,N1,Ередивізі,НІДЕРЛАНДИ,2023-2024,2023-08-12 17:45,Heerenveen,Waalwijk,3,1,3,0,H,19,13,9,5,7,2,9,8,0,1,0,0,,1.78,4.1,4.46,1.63,2.39,1.96,1.94,1.57,4.33,5.5,1.67,4.5,5.78,1.62,2.55
football-data.co.uk,N1,Ередивізі,НІДЕРЛАНДИ,2023-2024,2023-08-12 19:00,Ajax,Heracles,4,1,1,1,H,31,7,13,2,13,4,11,14,2,5,0,0,,1.19,8.58,12.96,1.35,3.28,1.86,2.03,1.25,6.0,10.0,1.28,8.1,13.0,1.38,3.33
football-data.co.uk,N1,Ередивізі,НІДЕРЛАНДИ,2023-2024,2023-08-12 20:00,Zwolle,Sparta Rotterdam,1,2,0,1,A,20,9,7,4,7,1,8,15,2,4,0,0,,2.51,3.51,2.91,1.8,2.1,1.92,1.98,2.5,3.6,2.55,2.76,3.74,2.76,1.82,2.16
football-data.co.uk,N1,Ередивізі,НІДЕРЛАНДИ,2023-2024,2023-08-13 11:15,Nijmegen,Excelsior,3,4,2,1,A,8,6,6,6,2,7,4,10,1,2,0,0,,1.53,4.76,6.0,1.58,2.5,1.95,1.95,1.44,4.5,8.0,1.53,5.0,8.58,1.61,2.55
football-data.co.uk,N1,Ередивізі,НІДЕРЛАНДИ,2023-2024,2023-08-13 13:30,AZ Alkmaar,Go Ahead Eagles,5,1,2,0,H,13,9,8,4,5,4,8,13,2,3,0,0,,1.35,5.34,9.01,1.62,2.37,1.92,1.99,1.53,4.0,6.5,1.55,4.75,7.5,1.78,2.33
football-data.co.uk,N1,Ередивізі,НІДЕРЛАНДИ,2023-2024,2023-08-13 13:30,Feyenoord,For Sittard,0,0,0,0,D,22,14,6,5,8,3,4,21,0,6,1,0,,1.17,8.25,16.82,1.31,3.54,1.92,1.97,1.22,6.5,17.0,1.22,8.5,19.0,1.41,3.4
football-data.co.uk,N1,Ередивізі,НІДЕРЛАНДИ,2023-2024,2023-08-13 15:45,Almere City,Twente,1,4,0,0,A,12,20,4,8,2,11,15,10,4,0,1,0,,5.67,4.35,1.6,1.66,2.33,1.92,1.99,5.75,4.0,1.6,6.11,4.3,1.77,1.9,2.38
football-data.co.uk,N1,Ередивізі,НІДЕРЛАНДИ,2023-2024,2023-08-18 19:00,Heracles,Nijmegen,2,1,0,1,H,16,17,7,4,5,9,10,10,2,2,0,0,,2.5,3.68,2.81,1.64,2.37,1.93,1.97,2.55,3.5,2.7,2.75,3.62,2.75,1.82,2.25
football-data.co.uk,N1,Ередивізі,НІДЕРЛАНДИ,2023-2024,2023-08-19 15:30,Excelsior,Ajax,2,2,1,1,D,13,15,2,8,4,10,7,7,0,0,0,0,,10.04,6.56,1.27,1.3,3.62,1.83,2.08,8.5,5.5,1.33,10.0,6.4,1.34,1.4,3.6
football-data.co.uk,N1,Ередивізі,НІДЕРЛАНДИ,2023-2024,2023-08-19 17:45,Vitesse,PSV Eindhoven,1,3,1,0,A,12,19,2,7,4,7,7,2,0,1,0,0,,5.98,4.62,1.54,1.59,2.48,1.83,2.09,5.25,4.0,1.62,5.74,4.3,1.66,1.65,2.43
football-data.co.uk,N1,Ередивізі,НІДЕРЛАНДИ,2023-2024,2023-08-19 19:00,For Sittard,Almere City,2,1,2,1,H,21,8,7,5,5,6,8,13,3,2,0,0,,1.97,3.97,3.72,1.63,2.37,1.88,2.03,1.83,3.8,4.2,1.88,4.1,4.5,1.82,2.25
football-data.co.uk,N1,Ередивізі,НІДЕРЛАНДИ,2023-2024,2023-08-19 20:00,Go Ahead Eagles,Volendam,4,1,3,0,H,8,19,6,5,4,12,3,8,1,3,1,0,,1.65,4.48,4.94,1.62,2.4,1.96,1.94,1.45,4.75,6.5,1.53,5.1,7.0,1.56,2.75
football-data.co.uk,N1,Ередивізі,НІДЕРЛАНДИ,2023-2024,2023-08-20 11:15,Utrecht,Heerenveen,0,2,0,0,A,12,12,6,6,9,2,11,10,0,1,0,0,,1.83,3.83,4.47,1.68,2.28,2.08,1.82,1.8,3.75,4.33,1.88,4.0,4.71,1.7,2.4
football-data.co.uk,N1,Ередивізі,НІДЕРЛАНДИ,2023-2024,2023-08-20 13:30,Sparta Rotterdam,Feyenoord,2,2,1,0,D,10,24,5,8,3,12,9,5,2,0,0,0,,5.17,4.61,1.61,1.61,2.43,2.07,1.84,5.0,4.2,1.65,5.39,4.4,1.7,1.67,2.43
football-data.co.uk,N1,Ередивізі,НІДЕРЛАНДИ,2023-2024,2023-08-20 13:30,Twente,Zwolle,3,1,1,1,H,18,9,3,4,8,3,6,15,2,5,0,0,,1.36,5.61,8.29,1.55,2.56,1.93,1.98,1.44,4.75,7.5,1.45,5.3,8.5,1.56,2.66
football-data.co.uk,N1,Ередивізі,НІДЕРЛАНДИ,2023-2024,2023-08-20 15:45,Waalwijk,AZ Alkmaar,1,3,1,0,A,7,15,5,7,1,10,9,12,2,1,0,0,,5.06,4.39,1.65,1.57,2.52,1.84,2.08,5.25,4.0,1.62,5.74,4.5,1.67,1.62,2.55
football-data.co.uk,N1,Ередивізі,НІДЕРЛАНДИ,2023-2024,2023-08-26 17:45,Nijmegen,Waalwijk,3,0,1,0,H,13,10,10,1,2,4,10,9,1,2,0,0,,1.79,4.3,4.19,1.6,2.45,1.87,2.04,1.67,4.0,5.0,1.73,4.4,5.0,1.68,2.63
football-data.co.uk,N1,Ередивізі,НІДЕРЛАНДИ,2023-2024,2023-08-26 20:00,Excelsior,For Sittard,2,2,1,0,D,9,13,6,5,0,6,5,9,1,1,0,0,,2.46,3.75,2.82,1.68,2.28,1.85,2.06,2.8,3.6,2.3,2.99,3.76,2.51,1.77,2.25
football-data.co.uk,N1,Ередивізі,НІДЕРЛАНДИ,2023-2024,2023-08-27 11:15,Zwolle,Utrecht,1,0,0,0,H,9,10,2,1,2,8,13,8,2,3,0,0,,2.86,3.83,2.4,1.65,2.33,1.79,2.13,2.7,3.75,2.38,2.95,4.17,2.47,1.62,2.55
football-data.co.uk,N1,Ередивізі,НІДЕРЛАНДИ,2023-2024,2023-08-27 13:30,Feyenoord,Almere City,6,1,3,0,H,31,6,18,1,8,2,8,15,0,1,0,0,,1.16,9.16,16.46,1.33,3.42,1.85,2.05,1.14,10.0,15.0,1.16,10.1,19.5,1.33,3.8
football-data.co.uk,N1,Ередивізі,НІДЕРЛАНДИ,2023-2024,2023-08-27 15:45,Heerenveen,Sparta Rotterdam,1,3,0,1,A,19,16,6,7,6,7,4,8,0,0,1,0,,2.35,3.79,2.95,1.71,2.23,1.97,1.93,2.15,3.8,3.0,2.28,3.91,3.2,1.82,2.3
football-data.co.uk,N1,Ередивізі,НІДЕРЛАНДИ,2023-2024,2023-09-01 19:00,Sparta Rotterdam,Nijmegen,1,1,0,0,D,15,13,6,6,10,1,11,10,1,4,0,0,,1.9,3.83,4.11,1.72,2.21,2.07,1.85,2.0,3.75,3.6,2.1,3.8,3.88,1.79,2.31
football-data.co.uk,N1,Ередивізі,НІДЕРЛАНДИ,2023-2024,2023-09-02 15:30,Almere City,Zwolle,1,2,0,1,A,10,13,3,6,7,4,12,10,3,4,0,1,,3.26,3.66,2.23,1.68,2.29,1.81,2.12,2.8,3.5,2.4,3.0,3.72,2.46,1.9,2.31
football-data.co.uk,N1,Ередивізі,НІДЕРЛАНДИ,2023-2024,2023-09-02 17:45,Go Ahead Eagles,Heerenveen,3,2,2,1,H,21,13,7,3,9,8,10,9,3,0,0,1,,2.21,3.76,3.24,1.67,2.31,2.02,1.88,1.95,3.6,3.6,2.14,3.84,3.8,1.75,2.25
football-data.co.uk,N1,Ередивізі,НІДЕРЛАНДИ,2023-2024,2023-09-02 19:00,Waalwijk,PSV Eindhoven,0,4,0,1,A,10,22,3,9,4,8,1,13,0,0,0,0,,8.33,5.63,1.36,1.38,3.17,2.02,1.88,9.5,6.0,1.25,10.5,6.62,1.3,1.32,4.0
football-data.co.uk,N1,Ередивізі,НІДЕРЛАНДИ,2023-2024,2023-09-02 20:00,Heracles,Excelsior,3,1,0,1,H,15,9,5,3,8,1,6,11,1,4,0,1,,1.84,3.92,4.34,1.63,2.39,2.05,1.86,1.8,3.8,4.33,1.83,4.13,4.5,1.68,2.55
football-data.co.uk,N1,Ередивізі,НІДЕРЛАНДИ,2023-2024,2023-09-03 11:15,Utrecht,Feyenoord,1,5,1,2,A,5,21,1,11,5,8,13,13,1,0,0,0,,4.89,4.55,1.65,1.5,2.71,2.01,1.9,4.33,4.33,1.7,4.66,4.4,1.73,1.56,2.56
football-data.co.uk,N1,Ередивізі,НІДЕРЛАНДИ,2023-2024,2023-09-03 13:30,For Sittard,Ajax,0,0,0,0,D,12,12,4,4,3,7,20,7,3,2,0,0,,7.39,5.51,1.4,1.43,2.97,1.77,2.15,4.75,4.33,1.65,5.75,4.75,1.69,1.6,2.7
football-data.co.uk,N1,Ередивізі,НІДЕРЛАНДИ,2023-2024,2023-09-03 13:30,Volendam,Twente,0,2,0,1,A,7,12,2,4,1,5,10,7,1,2,0,0,,5.22,4.57,1.61,1.47,2.79,1.94,1.96,6.5,4.75,1.45,6.8,5.2,1.5,1.48,3.05
football-data.co.uk,N1,Ередивізі,НІДЕРЛАНДИ,2023-2024,2023-09-03 15:45,Vitesse,AZ Alkmaar,0,2,0,0,A,4,16,2,7,0,9,12,10,3,0,0,0,,3.62,3.83,2.04,1.7,2.23,1.81,2.11,2.8,3.5,2.38,3.08,3.7,2.47,1.81,2.25
football-data.co.uk,N1,Ередивізі,НІДЕРЛАНДИ,2023-2024,2023-09-16 15:30,Feyenoord,Heerenveen,6,1,3,1,H,21,7,9,1,6,3,8,9,1,0,0,0,,1.24,6.83,12.31,1.37,3.19,2.09,1.8,1.14,8.5,15.0,1.22,9.39,18.0,1.33,3.66
football-data.co.uk,N1,Ередивізі,НІДЕРЛАНДИ,2023-2024,2023-09-16 17:45,Vitesse,Waalwijk,0,2,0,1,A,16,18,2,9,8,6,9,9,1,5,1,0,,1.53,4.75,5.99,1.56,2.55,1.88,2.03,1.53,4.2,6.0,1.57,4.8,6.5,1.57,2.66
football-data.co.uk,N1,Ередивізі,НІДЕРЛАНДИ,2023-2024,2023-09-16 19:00,For Sittard,Volendam,3,1,0,1,H,27,7,11,2,15,3,9,6,1,0,0,0,,1.66,4.4,4.99,1.57,2.53,1.98,1.93,1.44,4.75,7.5,1.51,5.0,7.54,1.61,2.57
football-data.co.uk,N1,Ередивізі,НІДЕРЛАНДИ,2023-2024,2023-09-16 19:00,PSV Eindhoven,Nijmegen,4,0,2,0,H,28,3,11,0,8,3,11,11,1,2,0,0,,1.17,8.54,15.69,1.33,3.41,1.92,1.97,1.17,8.0,15.0,1.19,9.5,19.0,1.33,3.8
football-data.co.uk,N1,Ередивізі,НІДЕРЛАНДИ,2023-2024,2023-09-16 20:00,Heracles,Utrecht,1,3,0,2,A,11,11,1,7,4,4,12,13,3,3,0,0,,2.56,3.62,2.78,1.73,2.2,2.03,1.88,2.7,3.5,2.55,2.92,3.69,2.57,1.82,2.3
football-data.co.uk,N1,Ередивізі,НІДЕРЛАНДИ,2023-2024,2023-09-17 11:15,Zwolle,Go Ahead Eagles,1,1,0,0,D,27,9,11,2,11,4,9,6,1,4,0,1,,2.45,3.59,2.93,1.69,2.26,2.08,1.84,2.45,3.4,3.0,2.46,3.6,3.06,1.73,2.38
football-data.co.uk,N1,Ередивізі,НІДЕРЛАНДИ,2023-2024,2023-09-17 13:30,Excelsior,Almere City,0,0,0,0,D,14,16,2,3,4,5,7,13,2,3,0,0,,2.1,4.05,3.23,1.6,2.43,2.04,1.87,2.0,3.8,3.4,2.06,4.0,3.71,1.67,2.4
football-data.co.uk,N1,Ередивізі,НІДЕРЛАНДИ,2023-2024,2023-09-17 13:30,Twente,Ajax,3,1,2,1,H,24,11,9,2,5,9,13,9,1,2,0,0,,2.58,3.72,2.7,1.64,2.35,2.13,1.81,2.4,3.5,2.9,2.57,3.77,3.0,1.68,2.55
football-data.co.uk,N1,Ередивізі,НІДЕРЛАНДИ,2023-2024,2023-09-17 15:45,AZ Alkmaar,Sparta Rotterdam,2,0,2,0,H,18,10,7,3,9,4,8,5,0,3,0,0,,1.53,4.6,6.13,1.65,2.33,1.85,2.07,1.5,4.0,7.5,1.52,4.75,8.13,1.88,2.25
football-data.co.uk,N1,Ередивізі,НІДЕРЛАНДИ,2023-2024,2023-09-22 19:00,Go Ahead Eagles,For Sittard,3,0,1,0,H,20,21,9,2,2,5,2,14,0,4,0,0,,2.26,3.7,3.17,1.75,2.17,2.06,1.85,2.3,3.75,2.88,2.38,3.82,3.15,1.8,2.33
football-data.co.uk,N1,Ередивізі,НІДЕРЛАНДИ,2023-2024,2023-09-23 15:30,Volendam,Heracles,2,2,0,0,D,16,15,6,5,5,7,14,14,1,1,0,0,,2.86,3.81,2.4,1.62,2.4,1.85,2.06,2.9,3.75,2.25,3.06,3.92,2.37,1.68,2.4
football-data.co.uk,N1,Ередивізі,НІДЕРЛАНДИ,2023-2024,2023-09-23 17:45,Nijmegen,Utrecht,3,0,2,0,H,9,17,5,4,4,4,8,11,1,2,0,0,,2.67,3.67,2.63,1.68,2.28,2.08,1.83,2.4,3.5,2.9,2.63,3.6,3.1,1.9,2.17
football-data.co.uk,N1,Ередивізі,НІДЕРЛАНДИ,2023-2024,2023-09-23 19:00,Almere City,PSV Eindhoven,0,4,0,2,A,9,20,2,9,5,8,15,6,1,1,0,0,,13.47,7.38,1.21,1.37,3.21,1.93,1.95,10.0,7.5,1.2,15.0,8.28,1.23,1.37,3.46
football-data.co.uk,N1,Ередивізі,НІДЕРЛАНДИ,2023-2024,2023-09-23 20:00,Heerenveen,Excelsior,0,3,0,2,A,9,7,2,4,3,2,10,11,4,2,0,0,,1.67,4.45,4.82,1.56,2.56,2.1,1.81,1.65,4.33,5.25,1.72,4.45,5.25,1.61,2.63
football-data.co.uk,N1,Ередивізі,НІДЕРЛАНДИ,2023-2024,2023-09-24 11:15,Sparta Rotterdam,Vitesse,1,0,1,0,H,17,6,5,0,5,3,13,19,1,2,0,0,,1.91,3.91,3.99,1.75,2.17,1.86,2.05,2.05,3.5,3.5,2.16,3.71,3.87,1.94,2.16
football-data.co.uk,N1,Ередивізі,НІДЕРЛАНДИ,2023-2024,2023-09-24 15:45,Waalwijk,Twente,1,0,0,0,H,9,7,3,2,1,6,12,13,1,1,0,0,,5.91,4.58,1.55,1.51,2.68,2.07,1.85,6.0,4.33,1.53,6.5,4.9,1.55,1.51,2.88
football-data.co.uk,N1,Ередивізі,НІДЕРЛАНДИ,2023-2024,2023-09-24 15:45,Zwolle,AZ Alkmaar,0,3,0,1,A,7,15,3,5,2,6,13,8,3,3,0,0,,4.78,3.99,1.75,1.74,2.19,1.93,1.98,4.5,4.0,1.73,4.75,4.2,1.8,1.82,2.3
football-data.co.uk,N1,Ередивізі,НІДЕРЛАНДИ,2023-2024,2023-09-27 13:00,Ajax,Feyenoord,0,4,0,3,A,9,14,2,7,4,0,15,14,3,2,0,0,,2.85,3.86,2.39,1.56,2.56,2.03,1.93,3.1,3.8,2.1,3.3,3.96,2.22,1.51,2.9
football-data.co.uk,N1,Ередивізі,НІДЕРЛАНДИ,2023-2024,2023-09-27 17:45,PSV Eindhoven,Go Ahead Eagles,3,0,1,0,H,23,9,11,2,9,2,10,7,0,2,0,0,,1.17,8.61,14.81,1.33,3.43,2.06,1.83,1.14,8.0,17.0,1.17,11.0,18.0,1.26,4.6
football-data.co.uk,N1,Ередивізі,НІДЕРЛАНДИ,2023-2024,2023-09-27 19:00,Twente,Vitesse,1,0,1,0,H,18,10,5,3,5,2,10,15,1,4,0,0,,1.4,5.13,8.1,1.59,2.47,2.02,1.89,1.33,5.0,9.5,1.43,5.5,9.5,1.63,2.5
football-data.co.uk,N1,Ередивізі,НІДЕРЛАНДИ,2023-2024,2023-09-28 19:00,AZ Alkmaar,Heracles,1,1,1,0,D,21,4,7,2,16,0,9,8,1,2,0,0,,1.27,6.44,10.66,1.48,2.72,1.85,2.05,1.22,6.0,13.0,1.25,7.6,15.0,1.5,3.0
football-data.co.uk,N1,Ередивізі,НІДЕРЛАНДИ,2023-2024,2023-09-30 15:30,Feyenoord,Go Ahead Eagles,3,1,1,0,H,29,7,9,3,11,0,10,11,1,2,0,0,,1.16,9.16,15.85,1.29,3.72,1.93,1.95,1.17,7.5,17.0,1.18,9.3,18.0,1.34,3.9
football-data.co.uk,N1,Ередивізі,НІДЕРЛАНДИ,2023-2024,2023-09-30 17:45,PSV Eindhoven,Volendam,3,1,1,0,H,38,2,17,1,7,0,11,8,1,2,0,1,,1.07,16.0,31.33,1.14,5.79,1.85,2.02,1.04,17.0,34.0,1.05,26.0,56.0,1.13,8.0
football-data.co.uk,N1,Ередивізі,НІДЕРЛАНДИ,2023-2024,2023-09-30 17:45,Utrecht,Almere City,0,2,0,0,A,11,17,2,5,4,6,18,15,4,4,1,0,,1.56,4.65,5.78,1.63,2.39,1.93,1.97,1.55,4.0,6.0,1.6,4.6,6.25,1.68,2.43
football-data.co.uk,N1,Ередивізі,НІДЕРЛАНДИ,2023-2024,2023-09-30 20:00,Twente,Heerenveen,1,0,0,0,H,11,5,3,1,8,1,10,12,3,1,0,0,,1.36,5.75,8.23,1.48,2.76,1.86,2.05,1.29,5.75,10.0,1.36,5.92,12.5,1.68,2.63
football-data.co.uk,N1,Ередивізі,НІДЕРЛАНДИ,2023-2024,2023-10-01 11:15,Nijmegen,Vitesse,1,3,1,1,A,9,10,5,5,6,5,9,18,2,5,0,0,,2.19,3.82,3.23,1.72,2.21,1.97,1.93,2.2,3.4,3.25,2.28,3.77,3.77,1.88,2.19
football-data.co.uk,N1,Ередивізі,НІДЕРЛАНДИ,2023-2024,2023-10-01 13:30,Excelsior,Sparta Rotterdam,2,1,0,0,H,15,9,7,5,2,7,9,12,4,1,0,0,,3.59,3.59,2.12,1.76,2.15,1.9,2.01,3.1,3.4,2.2,3.62,3.72,2.33,1.88,2.15
football-data.co.uk,N1,Ередивізі,НІДЕРЛАНДИ,2023-2024,2023-10-01 13:30,Heracles,Zwolle,2,1,0,0,H,13,13,6,5,2,2,8,12,1,3,0,0,,2.29,3.82,3.03,1.63,2.39,2.12,1.81,2.38,3.5,2.88,2.49,3.77,3.05,1.68,2.41
football-data.co.uk,N1,Ередивізі,НІДЕРЛАНДИ,2023-2024,2023-10-01 15:45,AZ Alkmaar,For Sittard,4,0,1,0,H,12,8,7,1,1,3,14,12,1,3,0,0,,1.39,5.44,7.8,1.58,2.48,2.16,1.76,1.4,4.5,8.0,1.4,5.6,9.37,1.68,2.45
football-data.co.uk,N1,Ередивізі,НІДЕРЛАНДИ,2023-2024,2023-10-06 19:00,Volendam,Utrecht,1,0,0,0,H,15,7,5,3,6,0,20,11,3,2,0,1,,3.93,4.23,1.85,1.54,2.59,1.93,1.98,4.0,4.2,1.75,4.24,4.33,1.91,1.56,2.75
football-data.co.uk,N1,Ередивізі,НІДЕРЛАНДИ,2023-2024,2023-10-07 15:30,Heerenveen,Nijmegen,1,1,1,1,D,18,9,7,3,7,1,4,12,1,0,0,0,,2.18,3.7,3.34,1.71,2.22,1.81,2.1,2.05,3.5,3.6,2.16,3.62,3.75,1.97,1.98
football-data.co.uk,N1,Ередивізі,НІДЕРЛАНДИ,2023-2024,2023-10-07 17:45,Almere City,Waalwijk,1,0,1,0,H,18,13,6,4,4,3,12,8,1,1,0,0,,2.37,3.92,2.85,1.59,2.48,2.02,1.88,2.25,3.75,3.0,2.34,3.85,3.04,1.77,2.36
football-data.co.uk,N1,Ередивізі,НІДЕРЛАНДИ,2023-2024,2023-10-07 19:00,Go Ahead Eagles,Heracles,4,0,2,0,H,22,17,13,8,9,5,10,11,0,2,0,0,,1.84,4.12,4.11,1.61,2.42,2.1,1.81,1.83,4.0,4.0,1.87,4.2,4.33,1.68,2.55
football-data.co.uk,N1,Ередивізі,НІДЕРЛАНДИ,2023-2024,2023-10-07 20:00,Vitesse,Excelsior,0,0,0,0,D,21,11,7,5,11,5,9,10,2,0,0,0,,1.78,4.2,4.38,1.69,2.26,2.08,1.83,1.8,4.2,3.8,1.9,4.3,4.5,1.82,2.28
football-data.co.uk,N1,Ередивізі,НІДЕРЛАНДИ,2023-2024,2023-10-08 11:15,Zwolle,Feyenoord,0,2,0,1,A,4,13,1,5,3,4,11,6,1,0,0,0,,9.24,6.0,1.31,1.37,3.17,1.96,1.93,10.0,6.0,1.29,11.0,6.5,1.34,1.39,3.46
football-data.co.uk,N1,Ередивізі,НІДЕРЛАНДИ,2023-2024,2023-10-08 13:30,Ajax,AZ Alkmaar,1,2,0,1,A,6,12,1,4,6,4,7,12,2,1,0,0,,2.26,3.98,2.98,1.56,2.55,2.01,1.9,2.6,3.6,2.55,2.7,3.86,2.82,1.71,2.5
football-data.co.uk,N1,Ередивізі,НІДЕРЛАНДИ,2023-2024,2023-10-08 13:30,For Sittard,Twente,0,3,0,1,A,3,15,1,6,3,7,13,16,2,2,1,0,,3.95,3.83,1.94,1.75,2.17,1.96,1.94,4.33,4.2,1.73,4.8,4.27,1.92,1.8,2.2
football-data.co.uk,N1,Ередивізі,НІДЕРЛАНДИ,2023-2024,2023-10-08 15:45,Sparta Rotterdam,PSV Eindhoven,0,4,0,0,A,8,30,3,11,1,8,12,14,3,1,0,0,,8.72,5.45,1.36,1.53,2.61,1.91,1.98,7.5,5.5,1.36,8.5,5.68,1.41,1.53,3.0
football-data.co.uk,N1,Ередивізі,НІДЕРЛАНДИ,2023-2024,2023-10-21 17:45,PSV Eindhoven,For Sittard,3,1,1,0,H,18,2,6,1,10,1,8,5,0,1,0,0,,1.11,12.4,21.49,1.26,3.99,1.95,1.93,1.17,7.0,15.0,1.18,11.0,19.0,1.32,3.82
football-data.co.uk,N1,Ередивізі,НІДЕРЛАНДИ,2023-2024,2023-10-21 17:45,Waalwijk,Volendam,2,1,1,0,H,10,11,4,3,3,4,6,10,3,2,0,0,,1.72,4.63,4.3,1.52,2.61,1.96,1.94,1.75,4.0,4.2,1.77,4.5,4.86,1.61,2.55
football-data.co.uk,N1,Ередивізі,НІДЕРЛАНДИ,2023-2024,2023-10-21 19:00,Nijmegen,Almere City,1,1,0,1,D,12,14,4,2,6,5,11,19,2,2,1,0,,1.89,3.86,4.15,1.75,2.17,1.91,2.0,1.85,3.75,3.8,1.92,3.89,4.2,1.82,2.2
football-data.co.uk,N1,Ередивізі,НІДЕРЛАНДИ,2023-2024,2023-10-21 20:00,AZ Alkmaar,Heerenveen,3,0,1,0,H,11,9,3,3,6,3,3,10,1,1,0,0,,1.29,6.16,10.42,1.56,2.55,2.09,1.83,1.36,5.0,8.0,1.39,5.41,8.83,1.68,2.41
football-data.co.uk,N1,Ередивізі,НІДЕРЛАНДИ,2023-2024,2023-10-21 20:00,Feyenoord,Vitesse,4,0,2,0,H,23,4,8,1,9,2,9,6,0,1,0,0,,1.15,9.03,17.56,1.37,3.18,1.96,1.93,1.11,9.5,19.0,1.15,10.4,26.0,1.37,3.62
football-data.co.uk,N1,Ередивізі,НІДЕРЛАНДИ,2023-2024,2023-10-22 11:15,Utrecht,Ajax,4,3,1,0,H,14,11,8,6,6,5,11,9,1,2,0,0,,3.69,4.1,1.94,1.56,2.56,1.94,1.96,3.8,3.6,1.91,4.27,4.03,1.97,1.61,2.55
football-data.co.uk,N1,Ередивізі,НІДЕРЛАНДИ,2023-2024,2023-10-22 13:30,Excelsior,Zwolle,2,4,1,0,A,18,11,6,6,2,4,8,10,0,2,0,0,,2.45,3.69,2.84,1.7,2.21,2.02,1.88,2.2,4.2,2.8,2.4,4.28,3.06,1.71,2.44
football-data.co.uk,N1,Ередивізі,НІДЕРЛАНДИ,2023-2024,2023-10-22 13:30,Heracles,Twente,2,2,0,2,D,16,17,3,5,6,6,21,14,1,4,0,0,,5.38,4.34,1.63,1.69,2.27,2.06,1.86,6.0,4.5,1.5,6.53,4.68,1.59,1.66,2.4
football-data.co.uk,N1,Ередивізі,НІДЕРЛАНДИ,2023-2024,2023-10-22 15:45,Go Ahead Eagles,Sparta Rotterdam,0,0,0,0,D,16,15,6,6,3,6,4,10,0,0,0,0,,2.2,3.71,3.28,1.76,2.15,1.79,2.13,2.05,3.8,3.4,2.1,4.07,3.59,1.71,2.33
football-data.co.uk,N1,Ередивізі,НІДЕРЛАНДИ,2023-2024,2023-10-27 19:00,Vitesse,Zwolle,1,1,0,1,D,29,5,12,2,18,2,7,12,0,1,0,0,,2.05,3.72,3.68,1.74,2.18,1.9,2.0,2.1,3.8,3.2,2.19,3.88,3.62,1.75,2.29
football-data.co.uk,N1,Ередивізі,НІДЕРЛАНДИ,2023-2024,2023-10-28 17:45,Heerenveen,Heracles,3,0,2,0,H,18,9,9,3,10,4,11,9,2,2,0,0,,1.98,3.93,3.72,1.7,2.25,1.93,1.97,1.73,4.0,4.5,1.8,4.3,4.7,1.71,2.36
football-data.co.uk,N1,Ередивізі,НІДЕРЛАНДИ,2023-2024,2023-10-28 19:00,Almere City,Go Ahead Eagles,0,0,0,0,D,12,9,1,3,6,5,19,7,1,0,0,0,,2.8,3.59,2.55,1.74,2.18,1.89,2.02,2.9,3.6,2.3,3.13,3.69,2.41,1.82,2.22
football-data.co.uk,N1,Ередивізі,НІДЕРЛАНДИ,2023-2024,2023-10-28 19:00,Sparta Rotterdam,Waalwijk,2,0,0,0,H,15,11,4,3,8,4,7,7,2,1,1,0,,1.75,4.0,4.79,1.74,2.17,2.01,1.9,1.75,3.75,4.75,1.8,4.0,4.83,1.82,2.25
football-data.co.uk,N1,Ередивізі,НІДЕРЛАНДИ,2023-2024,2023-10-28 20:00,For Sittard,Utrecht,0,0,0,0,D,12,12,6,3,5,5,7,5,1,1,0,0,,2.51,3.68,2.79,1.68,2.27,2.05,1.86,2.3,3.5,3.1,2.38,3.66,3.14,1.9,2.17
football-data.co.uk,N1,Ередивізі,НІДЕРЛАНДИ,2023-2024,2023-10-29 11:15,Twente,Feyenoord,2,1,1,0,H,12,11,5,6,2,5,12,16,5,1,0,0,,3.17,3.73,2.25,1.68,2.28,1.88,2.04,3.6,3.6,2.0,3.88,3.87,2.05,1.7,2.37
football-data.co.uk,N1,Ередивізі,НІДЕРЛАНДИ,2023-2024,2023-10-29 13:30,PSV Eindhoven,Ajax,5,2,1,2,H,26,16,9,7,5,5,9,8,1,2,0,0,,1.31,6.24,8.94,1.35,3.31,1.97,1.92,1.3,6.0,9.0,1.32,6.69,10.5,1.37,3.4
football-data.co.uk,N1,Ередивізі,НІДЕРЛАНДИ,2023-2024,2023-10-29 13:30,Volendam,Excelsior,3,1,0,1,H,20,10,12,2,8,6,5,13,1,2,0,0,,2.77,3.9,2.44,1.56,2.53,1.96,1.94,2.55,3.75,2.55,2.77,3.91,2.62,1.68,2.55
football-data.co.uk,N1,Ередивізі,НІДЕРЛАНДИ,2023-2024,2023-11-02 19:00,Ajax,Volendam,2,0,0,0,H,30,7,10,3,9,4,6,6,0,1,0,0,,1.31,6.42,8.49,1.31,3.59,1.82,2.06,1.22,7.0,11.0,1.25,8.38,12.0,1.25,4.65
football-data.co.uk,N1,Ередивізі,НІДЕРЛАНДИ,2023-2024,2023-11-04 15:30,Heracles,PSV Eindhoven,0,6,0,2,A,7,34,1,11,1,7,9,7,1,0,1,0,,12.28,7.36,1.22,1.28,3.81,1.93,1.96,12.0,6.5,1.22,15.0,8.2,1.25,1.34,4.0
football-data.co.uk,N1,Ередивізі,НІДЕРЛАНДИ,2023-2024,2023-11-04 17:45,Excelsior,AZ Alkmaar,1,1,0,0,D,15,11,5,4,3,7,11,9,2,3,0,0,,7.81,5.17,1.41,1.56,2.54,1.93,1.98,8.5,5.0,1.36,9.2,5.56,1.39,1.56,2.65
football-data.co.uk,N1,Ередивізі,НІДЕРЛАНДИ,2023-2024,2023-11-04 17:45,Waalwijk,Feyenoord,1,2,1,1,A,5,27,1,12,2,10,6,5,0,2,1,0,,13.32,7.51,1.21,1.34,3.39,1.92,1.97,15.0,7.5,1.17,17.0,8.98,1.21,1.34,3.7
football-data.co.uk,N1,Ередивізі,НІДЕРЛАНДИ,2023-2024,2023-11-04 20:00,Go Ahead Eagles,Vitesse,5,1,1,0,H,22,13,14,3,4,6,5,13,0,4,0,0,,1.96,3.91,3.81,1.74,2.19,2.02,1.88,2.0,3.6,3.5,2.11,3.8,4.0,1.82,2.28
football-data.co.uk,N1,Ередивізі,НІДЕРЛАНДИ,2023-2024,2023-11-05 11:15,Utrecht,Twente,1,1,1,1,D,14,10,6,1,5,2,6,10,3,4,0,1,,4.98,4.06,1.71,1.76,2.15,2.0,1.91,4.0,3.8,1.85,4.4,3.99,1.92,1.92,2.16
football-data.co.uk,N1,Ередивізі,НІДЕРЛАНДИ,2023-2024,2023-11-05 13:30,Nijmegen,Volendam,3,3,1,1,D,13,15,7,7,8,4,6,11,4,2,1,0,,1.63,4.42,5.21,1.62,2.4,1.91,2.0,1.55,4.5,5.25,1.6,4.71,6.1,1.56,2.64
football-data.co.uk,N1,Ередивізі,НІДЕРЛАНДИ,2023-2024,2023-11-05 13:30,Zwolle,For Sittard,2,0,1,0,H,15,8,6,2,2,2,11,9,3,1,0,0,,2.23,3.68,3.25,1.81,2.09,1.99,1.92,2.25,3.5,3.2,2.33,3.65,3.45,1.9,2.12
football-data.co.uk,N1,Ередивізі,НІДЕРЛАНДИ,2023-2024,2023-11-05 15:45,Ajax,Heerenveen,4,1,2,1,H,14,12,8,3,5,8,10,8,1,2,0,0,,1.5,5.4,5.64,1.41,3.04,2.04,1.87,1.4,5.25,7.0,1.43,5.8,7.5,1.41,3.17
football-data.co.uk,N1,Ередивізі,НІДЕРЛАНДИ,2023-2024,2023-11-05 15:45,Sparta Rotterdam,Almere City,1,2,0,1,A,24,11,6,4,10,3,2,13,0,0,0,0,,1.71,4.27,4.71,1.75,2.17,1.96,1.94,1.7,4.0,4.75,1.76,4.2,5.14,1.9,2.15
football-data.co.uk,N1,Ередивізі,НІДЕРЛАНДИ,2023-2024,2023-11-10 19:00,For Sittard,Heracles,4,1,4,0,H,15,7,8,3,9,7,10,10,0,4,0,0,,1.76,4.06,4.61,1.73,2.19,1.88,2.04,1.67,4.0,5.0,1.77,4.1,5.24,1.85,2.22
football-data.co.uk,N1,Ередивізі,НІДЕРЛАНДИ,2023-2024,2023-11-11 17:45,Waalwijk,Go Ahead Eagles,0,1,0,1,A,19,9,5,2,7,0,8,5,1,0,0,0,,2.89,3.74,2.42,1.7,2.25,1.98,1.93,3.1,3.6,2.2,3.23,3.85,2.25,1.7,2.31
football-data.co.uk,N1,Ередивізі,НІДЕРЛАНДИ,2023-2024,2023-11-11 19:00,Twente,Nijmegen,3,3,1,0,D,35,14,7,8,13,3,9,14,1,3,0,0,,1.32,5.81,9.83,1.61,2.41,2.05,1.86,1.36,5.0,8.5,1.41,6.0,11.0,1.67,2.45
football-data.co.uk,N1,Ередивізі,НІДЕРЛАНДИ,2023-2024,2023-11-11 20:00,Vitesse,Heerenveen,1,3,1,1,A,9,19,5,7,4,7,10,3,2,1,1,0,,2.38,3.7,2.97,1.75,2.17,2.04,1.87,2.3,3.4,3.1,2.39,3.69,3.23,2.11,2.19
football-data.co.uk,N1,Ередивізі,НІДЕРЛАНДИ,2023-2024,2023-11-12 11:15,PSV Eindhoven,Zwolle,4,0,2,0,H,21,3,6,2,12,0,8,7,0,2,0,0,,1.1,12.68,22.26,1.24,4.09,1.89,1.97,1.07,13.0,26.0,1.09,17.0,34.0,1.23,5.05
football-data.co.uk,N1,Ередивізі,НІДЕРЛАНДИ,2023-2024,2023-11-12 13:30,Almere City,Ajax,2,2,0,0,D,13,22,5,13,4,6,12,10,5,2,0,0,,5.43,4.87,1.56,1.51,2.65,2.06,1.85,5.25,4.75,1.53,5.8,5.0,1.57,1.49,3.0
football-data.co.uk,N1,Ередивізі,НІДЕРЛАНДИ,2023-2024,2023-11-12 13:30,Volendam,Sparta Rotterdam,1,4,1,2,A,17,16,1,7,3,5,4,10,0,1,0,0,,3.28,3.9,2.14,1.65,2.33,1.96,1.94,3.0,3.75,2.2,3.26,3.84,2.27,1.68,2.33
football-data.co.uk,N1,Ередивізі,НІДЕРЛАНДИ,2023-2024,2023-11-12 15:45,Feyenoord,AZ Alkmaar,1,0,1,0,H,10,7,5,1,2,0,8,13,2,1,0,0,,1.57,4.62,5.58,1.63,2.39,1.78,2.13,1.5,4.5,6.0,1.54,4.9,7.0,1.68,2.47
football-data.co.uk,N1,Ередивізі,НІДЕРЛАНДИ,2023-2024,2023-11-12 19:00,Utrecht,Excelsior,2,2,0,0,D,13,12,6,6,13,2,6,11,0,1,0,0,,1.73,3.84,4.0,1.6,2.21,1.83,2.09,1.5,4.5,6.0,1.55,4.7,6.53,1.61,2.5
football-data.co.uk,N1,Ередивізі,НІДЕРЛАНДИ,2023-2024,2023-11-25 15:30,Excelsior,Feyenoord,2,4,1,1,A,13,20,3,9,2,5,5,9,1,1,0,0,,12.46,7.59,1.21,1.35,3.28,2.09,1.8,12.0,7.5,1.18,14.5,8.6,1.22,1.35,3.65
football-data.co.uk,N1,Ередивізі,НІДЕРЛАНДИ,2023-2024,2023-11-25 17:45,Heerenveen,For Sittard,3,0,1,0,H,16,10,5,4,3,7,8,6,1,2,0,0,,2.09,3.63,3.64,1.89,1.99,2.02,1.89,1.95,3.5,3.8,2.04,3.6,4.5,2.13,1.92
football-data.co.uk,N1,Ередивізі,НІДЕРЛАНДИ,2023-2024,2023-11-25 17:45,Twente,PSV Eindhoven,0,3,0,1,A,12,17,1,7,3,4,9,8,1,2,1,0,,3.75,3.9,1.98,1.63,2.38,1.87,2.05,3.6,3.6,2.0,3.9,3.86,2.09,1.7,2.4
football-data.co.uk,N1,Ередивізі,НІДЕРЛАНДИ,2023-2024,2023-11-25 20:00,Ajax,Vitesse,5,0,2,0,H,19,9,12,4,7,4,9,5,1,2,0,0,,1.31,6.35,8.36,1.42,2.96,1.82,2.06,1.33,6.0,7.5,1.34,6.6,9.5,1.42,3.46
football-data.co.uk,N1,Ередивізі,НІДЕРЛАНДИ,2023-2024,2023-11-25 20:00,Zwolle,Waalwijk,1,2,1,1,A,17,13,6,4,5,8,7,12,1,2,0,0,,1.82,4.01,4.34,1.73,2.19,2.04,1.87,2.05,3.6,3.4,2.13,3.85,4.02,1.77,2.26
football-data.co.uk,N1,Ередивізі,НІДЕРЛАНДИ,2023-2024,2023-11-26 11:15,Almere City,Heracles,0,5,0,1,A,17,17,3,6,6,4,6,15,0,3,0,0,,2.01,3.85,3.68,1.71,2.23,1.9,2.01,1.91,3.75,3.8,1.94,3.96,4.13,1.73,2.26
football-data.co.uk,N1,Ередивізі,НІДЕРЛАНДИ,2023-2024,2023-11-26 13:30,AZ Alkmaar,Volendam,3,0,1,0,H,19,7,8,1,5,4,6,8,0,0,0,0,,1.15,9.34,16.26,1.37,3.19,1.91,1.97,1.18,7.0,15.0,1.2,9.4,18.0,1.48,3.17
football-data.co.uk,N1,Ередивізі,НІДЕРЛАНДИ,2023-2024,2023-11-26 13:30,Nijmegen,Go Ahead Eagles,1,1,0,0,D,15,13,5,4,4,10,9,11,0,3,0,0,,2.42,3.81,2.82,1.69,2.24,1.95,1.95,2.15,3.6,3.2,2.33,3.71,3.25,1.9,2.25
football-data.co.uk,N1,Ередивізі,НІДЕРЛАНДИ,2023-2024,2023-11-26 15:45,Sparta Rotterdam,Utrecht,1,2,1,1,A,19,7,6,2,5,4,9,6,0,3,0,0,,2.45,3.42,3.06,1.83,2.05,2.15,1.77,2.38,3.5,2.8,2.52,3.61,3.11,2.08,1.99
football-data.co.uk,N1,Ередивізі,НІДЕРЛАНДИ,2023-2024,2023-12-01 19:00,Heerenveen,Almere City,3,0,2,0,H,15,13,8,2,7,8,6,12,1,2,0,0,,1.68,4.05,5.25,1.75,2.17,1.99,1.92,1.57,4.2,5.75,1.67,4.4,6.1,1.75,2.26
football-data.co.uk,N1,Ередивізі,НІДЕРЛАНДИ,2023-2024,2023-12-02 17:45,Volendam,Zwolle,0,5,0,0,A,9,20,3,10,6,5,5,4,2,0,0,0,,2.68,3.72,2.59,1.62,2.4,1.81,2.11,2.88,3.8,2.3,2.88,3.97,2.55,1.58,2.6
football-data.co.uk,N1,Ередивізі,НІДЕРЛАНДИ,2023-2024,2023-12-02 19:00,For Sittard,Vitesse,3,1,2,0,H,15,8,11,4,5,4,16,14,1,3,0,1,,2.02,3.63,3.86,1.88,2.0,2.06,1.85,2.0,3.6,3.6,2.11,3.69,3.79,1.97,2.02
football-data.co.uk,N1,Ередивізі,НІДЕРЛАНДИ,2023-2024,2023-12-02 19:00,Waalwijk,Excelsior,2,2,1,0,D,17,13,8,6,2,2,4,4,0,0,0,0,,2.12,3.92,3.31,1.62,2.41,2.04,1.87,1.95,3.8,3.5,2.13,3.98,3.6,1.77,2.38
football-data.co.uk,N1,Ередивізі,НІДЕРЛАНДИ,2023-2024,2023-12-02 20:00,Heracles,Sparta Rotterdam,0,1,0,0,A,13,10,3,4,6,3,11,7,1,0,0,0,,2.68,3.75,2.58,1.67,2.31,1.93,1.97,2.55,3.6,2.55,2.71,3.71,2.71,1.77,2.33
football-data.co.uk,N1,Ередивізі,НІДЕРЛАНДИ,2023-2024,2023-12-03 11:15,Feyenoord,PSV Eindhoven,1,2,0,0,A,14,14,3,7,10,5,10,13,1,3,0,0,,2.22,3.93,3.1,1.57,2.51,1.81,2.1,2.0,3.75,3.4,2.16,3.99,3.44,1.55,2.66
football-data.co.uk,N1,Ередивізі,НІДЕРЛАНДИ,2023-2024,2023-12-03 13:30,Go Ahead Eagles,Twente,1,3,0,2,A,15,13,9,5,4,4,7,17,1,0,0,0,,3.87,3.82,1.96,1.71,2.23,1.85,2.07,3.5,3.8,2.0,3.8,3.87,2.08,1.9,2.12
football-data.co.uk,N1,Ередивізі,НІДЕРЛАНДИ,2023-2024,2023-12-03 13:30,Nijmegen,Ajax,1,2,0,0,A,7,22,3,10,2,6,4,7,0,0,0,0,,4.32,4.39,1.75,1.5,2.69,1.71,2.24,3.6,4.0,1.91,4.27,4.4,1.99,1.5,2.8
football-data.co.uk,N1,Ередивізі,НІДЕРЛАНДИ,2023-2024,2023-12-03 15:45,Utrecht,AZ Alkmaar,1,1,0,1,D,15,20,4,9,7,5,10,13,0,1,0,0,,4.24,3.75,1.9,1.85,2.04,2.0,1.91,4.0,3.6,1.91,4.5,3.7,1.92,2.13,1.89
football-data.co.uk,N1,Ередивізі,НІДЕРЛАНДИ,2023-2024,2023-12-06 18:00,AZ Alkmaar,Nijmegen,1,2,0,2,A,26,4,4,2,13,1,4,6,0,1,0,0,,1.28,6.15,10.59,1.56,2.5,2.03,1.87,1.25,5.75,10.0,1.29,6.39,12.0,1.61,2.52
football-data.co.uk,N1,Ередивізі,НІДЕРЛАНДИ,2023-2024,2023-12-06 19:00,Waalwijk,Ajax,2,3,1,2,A,10,16,2,6,8,9,12,9,2,0,0,0,,5.15,4.57,1.62,1.48,2.75,2.03,1.88,5.25,4.5,1.53,5.77,4.79,1.6,1.45,2.97
football-data.co.uk,N1,Ередивізі,НІДЕРЛАНДИ,2023-2024,2023-12-07 17:45,PSV Eindhoven,Heerenveen,2,0,1,0,H,30,12,8,1,11,2,4,10,2,1,0,0,,1.17,9.01,14.21,1.29,3.71,2.07,1.83,1.2,8.0,11.0,1.2,9.3,17.0,1.31,3.82
football-data.co.uk,N1,Ередивізі,НІДЕРЛАНДИ,2023-2024,2023-12-07 20:00,Feyenoord,Volendam,3,1,1,1,H,30,2,10,2,12,3,4,5,1,1,0,0,,1.06,17.73,29.18,1.14,5.99,2.03,1.86,1.05,17.0,34.0,1.08,25.0,61.0,1.15,6.5
football-data.co.uk,N1,Ередивізі,НІДЕРЛАНДИ,2023-2024,2023-12-08 19:00,Twente,Excelsior,4,2,1,2,H,31,5,9,4,10,2,5,7,2,4,0,1,,1.26,6.73,10.6,1.52,2.59,1.9,1.99,1.25,6.5,10.0,1.29,7.1,15.0,1.52,2.75
football-data.co.uk,N1,Ередивізі,НІДЕРЛАНДИ,2023-2024,2023-12-09 17:45,Ajax,Sparta Rotterdam,2,1,2,0,H,23,10,6,2,7,7,6,7,0,1,0,0,,1.4,5.68,7.01,1.45,2.87,2.09,1.81,1.4,5.25,6.5,1.45,5.9,8.5,1.48,2.93
football-data.co.uk,N1,Ередивізі,НІДЕРЛАНДИ,2023-2024,2023-12-09 19:00,Zwolle,Nijmegen,1,3,0,1,A,16,17,3,9,1,6,12,3,1,0,0,0,,2.34,3.69,3.04,1.79,2.11,1.86,2.05,2.15,3.6,3.2,2.25,3.76,3.41,1.77,2.33
football-data.co.uk,N1,Ередивізі,НІДЕРЛАНДИ,2023-2024,2023-12-09 20:00,AZ Alkmaar,Almere City,4,1,1,0,H,13,13,7,6,6,5,9,17,2,5,0,0,,1.19,7.88,14.68,1.49,2.69,1.93,1.96,1.22,6.5,12.0,1.25,7.0,14.0,1.61,2.5
football-data.co.uk,N1,Ередивізі,НІДЕРЛАНДИ,2023-2024,2023-12-10 11:15,Go Ahead Eagles,Utrecht,0,2,0,2,A,22,12,7,3,11,1,8,7,0,0,0,0,,2.22,3.62,3.32,1.77,2.13,2.04,1.88,2.3,3.5,3.0,2.41,3.65,3.4,1.79,2.23
football-data.co.uk,N1,Ередивізі,НІДЕРЛАНДИ,2023-2024,2023-12-10 13:30,For Sittard,Waalwijk,1,0,0,0,H,11,13,3,2,9,6,9,10,2,2,0,0,,1.95,3.82,3.91,1.78,2.12,1.85,2.07,2.05,3.6,3.4,2.16,3.7,4.2,1.85,2.14
football-data.co.uk,N1,Ередивізі,НІДЕРЛАНДИ,2023-2024,2023-12-10 15:45,Vitesse,Heracles,2,0,1,0,H,12,12,2,3,3,5,12,7,2,1,0,0,,2.04,3.78,3.65,1.69,2.27,1.93,1.98,2.15,3.5,3.25,2.23,3.66,3.8,1.9,2.2
football-data.co.uk,N1,Ередивізі,НІДЕРЛАНДИ,2023-2024,2023-12-15 19:00,Nijmegen,For Sittard,4,1,2,0,H,16,11,7,4,5,7,11,12,3,2,1,1,,2.03,3.59,3.9,1.97,1.92,1.96,1.94,1.91,3.6,4.0,2.08,3.73,4.08,1.97,2.02
football-data.co.uk,N1,Ередивізі,НІДЕРЛАНДИ,2023-2024,2023-12-16 15:30,Utrecht,Waalwijk,1,1,1,1,D,17,12,6,4,10,4,13,13,0,4,0,0,,1.66,4.21,5.26,1.68,2.27,2.0,1.91,1.73,4.0,4.5,1.79,4.2,4.75,1.69,2.42
football-data.co.uk,N1,Ередивізі,НІДЕРЛАНДИ,2023-2024,2023-12-16 17:45,Excelsior,Go Ahead Eagles,1,1,0,0,D,11,11,3,5,1,4,6,7,0,2,0,0,,3.04,3.85,2.28,1.65,2.35,1.87,2.04,2.88,3.75,2.3,3.11,3.94,2.38,1.68,2.41
football-data.co.uk,N1,Ередивізі,НІДЕРЛАНДИ,2023-2024,2023-12-16 20:00,Heerenveen,Volendam,1,2,0,1,A,20,3,7,2,19,2,7,10,1,2,0,0,,1.38,5.43,8.25,1.54,2.59,1.87,2.01,1.25,6.0,12.0,1.4,7.3,12.5,1.41,3.32
football-data.co.uk,N1,Ередивізі,НІДЕРЛАНДИ,2023-2024,2023-12-17 11:15,Almere City,Vitesse,5,0,2,0,H,11,7,7,4,6,2,16,16,0,0,0,0,,2.43,3.69,2.9,1.79,2.11,1.93,1.98,2.15,3.6,3.25,2.4,3.67,3.44,1.97,2.08
football-data.co.uk,N1,Ередивізі,НІДЕРЛАНДИ,2023-2024,2023-12-17 13:30,Heracles,Feyenoord,0,4,0,2,A,2,26,0,12,3,10,12,10,3,0,0,0,,11.93,7.62,1.22,1.35,3.3,2.03,1.86,13.0,7.0,1.2,15.0,8.3,1.24,1.37,3.46
football-data.co.uk,N1,Ередивізі,НІДЕРЛАНДИ,2023-2024,2023-12-17 13:30,Sparta Rotterdam,Twente,2,2,0,1,D,12,39,8,9,3,14,11,7,2,1,1,0,,4.4,3.81,1.85,1.86,2.03,2.06,1.85,4.2,3.6,1.85,4.58,3.86,1.92,1.97,2.04
football-data.co.uk,N1,Ередивізі,НІДЕРЛАНДИ,2023-2024,2023-12-17 15:45,Ajax,Zwolle,2,2,1,0,D,16,11,5,4,5,0,5,10,1,3,0,0,,1.28,6.57,9.45,1.38,3.13,1.97,1.92,1.22,7.5,10.0,1.31,8.2,13.0,1.31,4.0
football-data.co.uk,N1,Ередивізі,НІДЕРЛАНДИ,2023-2024,2023-12-17 19:00,AZ Alkmaar,PSV Eindhoven,0,4,0,3,A,1,23,0,8,1,5,11,12,2,0,0,0,,4.16,4.0,1.85,1.73,2.2,1.89,2.01,4.0,4.0,1.8,4.36,4.18,1.93,1.68,2.4
football-data.co.uk,N1,Ередивізі,НІДЕРЛАНДИ,2023-2024,2024-01-12 19:00,Waalwijk,Heracles,1,2,0,1,A,18,9,8,2,7,4,13,8,1,1,0,0,,1.88,3.7,4.39,1.8,1.94,2.0,1.91,1.95,3.4,3.8,2.0,3.78,4.2,1.88,2.11
football-data.co.uk,N1,Ередивізі,НІДЕРЛАНДИ,2023-2024,2024-01-13 15:30,For Sittard,Sparta Rotterdam,0,2,0,1,A,25,10,6,7,7,2,8,8,3,1,0,0,,2.42,3.49,3.06,1.92,1.97,2.02,1.88,2.38,3.2,3.1,2.43,3.46,3.28,2.24,1.89
football-data.co.uk,N1,Ередивізі,НІДЕРЛАНДИ,2023-2024,2024-01-13 17:45,Twente,AZ Alkmaar,2,1,1,1,H,19,5,8,2,5,3,9,12,3,2,0,0,,2.25,3.5,3.35,1.93,1.96,1.87,2.05,1.8,3.6,4.5,1.95,3.82,4.61,1.99,2.1
football-data.co.uk,N1,Ередивізі,НІДЕРЛАНДИ,2023-2024,2024-01-13 19:00,Zwolle,Heerenveen,2,2,0,1,D,13,20,5,10,4,6,13,10,1,2,0,0,,2.67,3.74,2.59,1.7,2.24,1.93,1.96,3.0,3.6,2.2,3.28,3.72,2.5,2.08,2.04
football-data.co.uk,N1,Ередивізі,НІДЕРЛАНДИ,2023-2024,2024-01-13 20:00,PSV Eindhoven,Excelsior,3,1,2,0,H,27,8,15,3,12,2,2,3,0,0,0,0,,1.08,13.45,27.67,1.18,4.94,1.9,1.97,1.05,15.0,34.0,1.06,19.0,50.0,1.18,5.6
football-data.co.uk,N1,Ередивізі,НІДЕРЛАНДИ,2023-2024,2024-01-14 11:15,Volendam,Almere City,0,1,0,1,A,5,10,2,2,5,4,11,12,1,1,0,0,,2.69,3.66,2.61,1.69,2.25,1.79,2.12,2.8,3.75,2.38,2.89,3.75,2.57,1.76,2.28
football-data.co.uk,N1,Ередивізі,НІДЕРЛАНДИ,2023-2024,2024-01-14 13:30,Go Ahead Eagles,Ajax,2,3,1,2,A,24,17,12,6,6,4,7,10,0,2,0,0,,3.74,4.28,1.89,1.5,2.69,1.89,2.01,4.2,4.0,1.75,4.59,4.36,1.8,1.5,2.79
football-data.co.uk,N1,Ередивізі,НІДЕРЛАНДИ,2023-2024,2024-01-14 13:30,Vitesse,Utrecht,0,0,0,0,D,12,20,6,4,1,14,11,12,1,1,0,0,,3.07,3.61,2.36,1.85,2.05,1.86,2.05,2.88,3.8,2.25,3.11,3.92,2.38,1.9,2.17
football-data.co.uk,N1,Ередивізі,НІДЕРЛАНДИ,2023-2024,2024-01-14 15:45,Feyenoord,Nijmegen,2,2,2,1,D,25,2,5,2,9,0,8,13,2,2,0,0,,1.15,9.41,16.2,1.34,3.38,2.01,1.88,1.13,9.5,17.0,1.16,10.3,22.0,1.32,3.82
football-data.co.uk,N1,Ередивізі,НІДЕРЛАНДИ,2023-2024,2024-01-19 19:00,Excelsior,Heerenveen,3,0,2,0,H,14,9,7,1,6,5,11,7,2,1,0,0,,3.25,3.71,2.22,1.72,2.21,1.94,1.96,3.1,3.6,2.2,3.38,3.7,2.28,1.8,2.21
football-data.co.uk,N1,Ередивізі,НІДЕРЛАНДИ,2023-2024,2024-01-20 15:30,Nijmegen,Twente,1,0,0,0,H,23,11,8,2,6,5,7,11,0,1,0,1,,4.43,3.95,1.81,1.66,2.31,1.96,1.94,4.0,3.6,1.91,4.34,3.84,1.98,1.76,2.27
football-data.co.uk,N1,Ередивізі,НІДЕРЛАНДИ,2023-2024,2024-01-20 17:45,Heracles,Volendam,1,1,0,1,D,16,10,8,2,9,3,8,8,1,0,0,0,,1.75,4.14,4.6,1.63,2.39,1.9,2.01,1.67,4.0,5.0,1.76,4.1,5.3,1.8,2.18
football-data.co.uk,N1,Ередивізі,НІДЕРЛАНДИ,2023-2024,2024-01-20 19:00,AZ Alkmaar,Zwolle,2,2,0,0,D,19,8,8,5,11,3,8,5,2,0,0,0,,1.36,5.66,8.15,1.6,2.45,1.94,1.96,1.33,6.0,7.5,1.38,6.21,9.5,1.58,2.66
football-data.co.uk,N1,Ередивізі,НІДЕРЛАНДИ,2023-2024,2024-01-21 11:15,Utrecht,PSV Eindhoven,1,1,0,1,D,17,13,4,5,7,3,15,5,2,1,0,0,,8.14,5.97,1.35,1.43,2.95,1.86,2.05,7.0,5.25,1.4,8.68,5.97,1.4,1.54,2.95
football-data.co.uk,N1,Ередивізі,НІДЕРЛАНДИ,2023-2024,2024-01-21 13:30,Sparta Rotterdam,Go Ahead Eagles,0,2,0,1,A,20,7,4,3,5,1,11,14,0,3,0,0,,2.22,3.71,3.25,1.74,2.19,2.11,1.82,2.38,3.6,2.8,2.44,3.7,3.05,1.78,2.29
football-data.co.uk,N1,Ередивізі,НІДЕРЛАНДИ,2023-2024,2024-01-21 13:30,Vitesse,Feyenoord,1,2,0,1,A,5,16,1,5,1,4,18,9,3,3,0,0,,11.71,6.9,1.24,1.41,2.98,1.86,2.03,15.0,8.5,1.14,20.0,9.0,1.19,1.48,3.15
football-data.co.uk,N1,Ередивізі,НІДЕРЛАНДИ,2023-2024,2024-01-21 15:45,Ajax,Waalwijk,4,1,2,1,H,14,8,7,5,6,0,8,10,1,0,0,0,,1.27,6.92,9.69,1.36,3.23,1.91,1.97,1.33,6.0,8.0,1.34,7.09,10.75,1.34,3.75
football-data.co.uk,N1,Ередивізі,НІДЕРЛАНДИ,2023-2024,2024-01-24 17:45,Almere City,For Sittard,0,0,0,0,D,4,11,1,2,3,2,9,13,2,1,0,0,,2.47,3.49,2.98,1.88,2.01,2.02,1.88,2.4,3.5,2.88,2.47,3.6,3.25,2.11,1.9
football-data.co.uk,N1,Ередивізі,НІДЕРЛАНДИ,2023-2024,2024-01-26 19:00,Zwolle,Vitesse,1,0,1,0,H,16,8,9,2,5,4,10,12,3,2,0,0,,2.01,3.78,3.75,1.7,2.23,1.92,1.99,2.15,3.4,3.25,2.23,3.63,3.55,2.08,2.15
football-data.co.uk,N1,Ередивізі,НІДЕРЛАНДИ,2023-2024,2024-01-27 17:45,PSV Eindhoven,Almere City,2,0,1,0,H,17,4,8,2,4,1,5,15,0,2,0,0,,1.09,13.74,24.0,1.25,4.0,1.93,1.96,1.11,9.5,21.0,1.12,13.03,32.86,1.34,3.62
football-data.co.uk,N1,Ередивізі,НІДЕРЛАНДИ,2023-2024,2024-01-27 17:45,Waalwijk,Sparta Rotterdam,1,1,0,0,D,10,15,2,7,3,3,21,6,5,2,1,0,,2.64,3.64,2.67,1.78,2.13,2.06,1.85,2.3,3.75,2.8,2.42,3.84,3.25,2.08,2.19
football-data.co.uk,N1,Ередивізі,НІДЕРЛАНДИ,2023-2024,2024-01-27 20:00,Excelsior,Utrecht,1,1,0,0,D,9,16,5,3,5,8,3,5,0,0,0,0,,3.19,3.8,2.22,1.75,2.16,2.01,1.93,3.2,3.6,2.15,3.38,3.75,2.3,1.9,2.23
football-data.co.uk,N1,Ередивізі,НІДЕРЛАНДИ,2023-2024,2024-01-27 20:00,Heracles,Ajax,2,4,1,1,A,13,31,7,12,3,11,9,5,2,1,0,0,,6.3,5.06,1.48,1.47,2.8,1.68,2.3,4.75,4.5,1.6,6.5,4.86,1.64,1.48,3.0
football-data.co.uk,N1,Ередивізі,НІДЕРЛАНДИ,2023-2024,2024-01-28 11:15,Heerenveen,AZ Alkmaar,2,2,1,1,D,16,12,2,2,4,5,11,10,2,2,0,1,,3.57,3.82,2.06,1.81,2.08,2.01,1.9,3.4,3.6,2.05,3.4,3.85,2.19,1.96,2.15
football-data.co.uk,N1,Ередивізі,НІДЕРЛАНДИ,2023-2024,2024-01-28 13:30,Feyenoord,Twente,0,0,0,0,D,23,2,6,0,9,0,8,6,0,1,0,0,,1.46,4.94,6.97,1.6,2.46,2.08,1.84,1.45,4.5,6.0,1.5,5.17,8.0,1.9,2.43
football-data.co.uk,N1,Ередивізі,НІДЕРЛАНДИ,2023-2024,2024-01-28 13:30,Go Ahead Eagles,Nijmegen,2,2,0,1,D,17,16,5,5,9,5,10,13,2,4,0,0,,2.17,3.78,3.3,1.73,2.2,1.97,1.93,2.15,3.6,3.25,2.28,3.73,3.25,1.82,2.26
football-data.co.uk,N1,Ередивізі,НІДЕРЛАНДИ,2023-2024,2024-01-28 15:45,Volendam,For Sittard,0,1,0,0,A,8,12,2,1,7,2,7,10,2,1,0,0,,3.35,3.59,2.22,1.93,1.95,1.84,2.08,3.6,3.4,2.05,3.81,3.58,2.11,2.24,1.93
football-data.co.uk,N1,Ередивізі,НІДЕРЛАНДИ,2023-2024,2024-02-02 19:00,Almere City,Excelsior,2,1,1,1,H,11,8,2,4,7,3,9,14,1,3,0,0,,2.2,3.39,3.6,2.06,1.84,1.95,1.95,2.25,3.2,3.4,2.28,3.5,3.41,2.09,1.87
football-data.co.uk,N1,Ередивізі,НІДЕРЛАНДИ,2023-2024,2024-02-03 15:30,Twente,Waalwijk,3,0,1,0,H,16,14,10,5,9,3,5,12,0,1,0,0,,1.3,6.15,9.86,1.6,2.46,1.98,1.91,1.25,6.0,11.0,1.28,6.7,12.5,1.61,2.55
football-data.co.uk,N1,Ередивізі,НІДЕРЛАНДИ,2023-2024,2024-02-03 17:45,For Sittard,Heerenveen,3,3,0,2,D,13,10,3,6,6,0,10,13,1,2,0,0,,2.41,3.4,3.15,2.01,1.88,1.94,1.96,2.2,3.25,3.4,2.4,3.44,3.67,2.28,1.85
football-data.co.uk,N1,Ередивізі,НІДЕРЛАНДИ,2023-2024,2024-02-03 19:00,Ajax,PSV Eindhoven,1,1,1,1,D,13,18,4,5,3,5,8,14,1,3,0,0,,3.49,4.27,1.97,1.43,2.94,1.92,1.99,3.3,4.33,1.95,3.46,4.4,2.04,1.45,3.0
football-data.co.uk,N1,Ередивізі,НІДЕРЛАНДИ,2023-2024,2024-02-03 20:00,Nijmegen,Heracles,3,1,0,1,H,26,7,12,1,7,6,0,7,1,1,0,0,,1.74,4.16,4.64,1.66,2.31,1.93,1.97,1.53,4.33,6.0,1.62,4.55,6.0,1.66,2.45
football-data.co.uk,N1,Ередивізі,НІДЕРЛАНДИ,2023-2024,2024-02-04 11:15,Vitesse,Go Ahead Eagles,0,2,0,1,A,15,16,5,7,5,6,15,14,1,1,0,1,,2.92,3.53,2.49,1.84,2.06,1.79,2.19,3.0,3.25,2.5,3.06,3.47,2.57,2.06,1.98
football-data.co.uk,N1,Ередивізі,НІДЕРЛАНДИ,2023-2024,2024-02-04 13:30,AZ Alkmaar,Feyenoord,0,1,0,1,A,14,6,4,2,5,2,13,11,2,1,0,0,,4.76,3.9,1.78,1.78,2.12,1.86,2.02,5.25,4.2,1.6,5.7,4.3,1.66,1.78,2.21
football-data.co.uk,N1,Ередивізі,НІДЕРЛАНДИ,2023-2024,2024-02-04 13:30,Utrecht,Volendam,4,2,2,1,H,24,5,10,3,9,2,9,9,2,1,0,0,,1.35,5.5,8.96,1.61,2.41,2.04,1.85,1.29,5.5,11.0,1.31,6.0,12.0,1.61,2.5
football-data.co.uk,N1,Ередивізі,НІДЕРЛАНДИ,2023-2024,2024-02-04 15:45,Sparta Rotterdam,Zwolle,0,2,0,1,A,21,12,11,4,13,3,7,10,1,3,0,0,,1.96,3.76,3.94,1.81,2.08,1.81,2.1,1.8,3.6,4.5,1.91,3.9,4.71,1.89,2.13
football-data.co.uk,N1,Ередивізі,НІДЕРЛАНДИ,2023-2024,2024-02-09 19:00,Waalwijk,Nijmegen,2,0,2,0,H,11,17,4,6,4,10,11,8,2,3,0,0,,2.9,3.64,2.45,1.76,2.15,1.92,1.99,2.9,3.6,2.3,3.18,3.69,2.36,1.85,2.16
football-data.co.uk,N1,Ередивізі,НІДЕРЛАНДИ,2023-2024,2024-02-10 17:45,Excelsior,Twente,0,3,0,3,A,12,14,3,3,1,4,5,10,1,1,0,0,,6.08,4.18,1.6,1.75,2.17,1.81,2.1,5.0,4.2,1.62,5.52,4.31,1.69,1.77,2.25
football-data.co.uk,N1,Ередивізі,НІДЕРЛАНДИ,2023-2024,2024-02-10 19:00,Almere City,AZ Alkmaar,0,0,0,0,D,11,10,1,3,5,6,19,11,2,1,0,0,,4.8,4.01,1.75,1.81,2.07,1.98,1.93,5.25,3.75,1.7,5.48,3.8,1.77,2.28,1.9
football-data.co.uk,N1,Ередивізі,НІДЕРЛАНДИ,2023-2024,2024-02-10 20:00,Heracles,Vitesse,3,2,1,2,H,20,12,8,4,8,6,6,6,1,2,0,1,,2.1,3.65,3.6,1.8,2.09,1.93,1.98,2.15,3.6,3.3,2.28,3.65,3.35,1.99,2.06
football-data.co.uk,N1,Ередивізі,НІДЕРЛАНДИ,2023-2024,2024-02-11 11:15,Go Ahead Eagles,Zwolle,1,1,0,0,D,16,15,4,4,8,4,9,12,2,2,0,0,,1.75,4.18,4.59,1.63,2.38,2.02,1.89,1.73,4.0,4.5,1.79,4.2,4.5,1.61,2.55
football-data.co.uk,N1,Ередивізі,НІДЕРЛАНДИ,2023-2024,2024-02-11 13:30,Heerenveen,Ajax,3,2,2,0,H,17,12,5,6,7,4,12,8,4,0,0,0,,4.15,4.57,1.75,1.43,2.94,1.93,1.98,3.3,4.33,1.91,3.89,4.44,2.02,1.5,2.9
football-data.co.uk,N1,Ередивізі,НІДЕРЛАНДИ,2023-2024,2024-02-11 13:30,Utrecht,For Sittard,4,0,1,0,H,16,9,8,1,3,6,12,11,0,0,0,0,,1.78,3.87,4.8,1.97,1.92,1.85,2.07,1.62,4.0,5.5,1.76,4.08,5.78,2.02,1.98
football-data.co.uk,N1,Ередивізі,НІДЕРЛАНДИ,2023-2024,2024-02-11 15:45,Volendam,PSV Eindhoven,1,5,1,1,A,8,34,2,14,4,7,10,3,2,1,0,0,,23.39,12.61,1.1,1.31,3.55,2.01,1.88,19.0,10.0,1.11,25.0,12.08,1.13,1.33,4.0
football-data.co.uk,N1,Ередивізі,НІДЕРЛАНДИ,2023-2024,2024-02-11 19:00,Feyenoord,Sparta Rotterdam,2,0,0,0,H,23,5,4,1,8,4,7,3,0,2,0,0,,1.15,8.99,17.83,1.43,2.91,2.03,1.86,1.22,7.0,12.0,1.24,7.5,13.4,1.5,2.96
football-data.co.uk,N1,Ередивізі,НІДЕРЛАНДИ,2023-2024,2024-02-16 19:00,PSV Eindhoven,Heracles,2,0,1,0,H,39,3,14,0,15,0,6,8,0,3,0,1,,1.07,15.1,28.52,1.21,4.51,1.99,1.88,1.07,13.0,21.0,1.09,16.28,33.0,1.23,4.75
football-data.co.uk,N1,Ередивізі,НІДЕРЛАНДИ,2023-2024,2024-02-17 17:45,For Sittard,AZ Alkmaar,1,2,1,0,A,14,19,5,5,3,10,9,9,1,1,0,0,,4.45,3.49,1.93,2.14,1.77,1.86,2.05,5.0,3.5,1.8,5.21,3.58,1.93,2.42,1.71
football-data.co.uk,N1,Ередивізі,НІДЕРЛАНДИ,2023-2024,2024-02-17 17:45,Sparta Rotterdam,Excelsior,4,2,2,2,H,12,11,9,4,4,4,12,9,4,2,0,0,,1.85,4.08,4.13,1.73,2.19,1.98,1.92,1.95,3.5,3.8,2.04,3.86,4.19,1.96,2.12
football-data.co.uk,N1,Ередивізі,НІДЕРЛАНДИ,2023-2024,2024-02-17 20:00,Heerenveen,Go Ahead Eagles,0,2,0,0,A,21,14,3,7,3,5,9,13,0,2,0,0,,2.02,3.86,3.65,1.75,2.16,1.96,1.94,1.91,3.6,4.0,1.98,3.76,4.0,1.9,2.27
football-data.co.uk,N1,Ередивізі,НІДЕРЛАНДИ,2023-2024,2024-02-17 20:00,Zwolle,Almere City,0,1,0,0,A,16,5,2,2,4,2,9,16,0,4,0,0,,2.18,3.45,3.58,1.96,1.93,1.96,1.94,2.2,3.5,3.2,2.3,3.57,3.51,2.08,2.02
football-data.co.uk,N1,Ередивізі,НІДЕРЛАНДИ,2023-2024,2024-02-18 11:15,Twente,Utrecht,0,1,0,1,A,13,4,2,2,11,0,5,12,0,1,0,0,,1.63,4.27,5.48,1.87,2.02,1.93,1.97,1.67,4.0,5.0,1.72,4.2,5.4,1.82,2.4
football-data.co.uk,N1,Ередивізі,НІДЕРЛАНДИ,2023-2024,2024-02-18 13:30,Ajax,Nijmegen,2,2,1,0,D,8,16,4,9,2,5,5,10,2,0,0,0,,1.44,5.34,6.6,1.39,3.15,2.11,1.81,1.5,5.0,5.25,1.61,5.2,6.0,1.49,3.08
football-data.co.uk,N1,Ередивізі,НІДЕРЛАНДИ,2023-2024,2024-02-18 13:30,Vitesse,Volendam,1,1,1,1,D,30,8,8,4,12,3,3,7,1,3,0,0,,1.78,3.9,4.73,1.89,1.99,1.97,1.93,1.55,4.33,5.75,1.69,4.4,5.9,1.84,2.19
football-data.co.uk,N1,Ередивізі,НІДЕРЛАНДИ,2023-2024,2024-02-18 15:45,Feyenoord,Waalwijk,1,0,0,0,H,32,5,14,1,19,2,6,9,0,2,0,1,,1.1,12.37,22.99,1.32,3.47,2.0,1.88,1.13,9.5,17.0,1.15,11.0,23.0,1.36,3.5
football-data.co.uk,N1,Ередивізі,НІДЕРЛАНДИ,2023-2024,2024-02-23 19:00,Utrecht,Heracles,1,0,0,0,H,11,4,3,0,9,3,14,10,3,2,0,0,,1.4,5.26,8.0,1.55,2.56,2.07,1.84,1.36,4.5,8.0,1.4,5.3,8.47,1.59,2.53
football-data.co.uk,N1,Ередивізі,НІДЕРЛАНДИ,2023-2024,2024-02-24 17:45,Waalwijk,For Sittard,0,1,0,0,A,9,15,0,6,1,2,13,15,0,0,0,0,,2.5,3.31,3.07,2.08,1.81,1.89,2.02,2.5,3.4,2.8,2.69,3.47,3.0,2.35,1.78
football-data.co.uk,N1,Ередивізі,НІДЕРЛАНДИ,2023-2024,2024-02-24 19:00,Zwolle,PSV Eindhoven,1,7,1,2,A,8,25,1,12,3,7,7,8,2,0,0,0,,12.27,7.54,1.22,1.4,3.05,1.85,2.05,13.0,6.0,1.22,13.0,7.6,1.23,1.44,3.02
football-data.co.uk,N1,Ередивізі,НІДЕРЛАНДИ,2023-2024,2024-02-24 20:00,Nijmegen,Sparta Rotterdam,2,0,2,0,H,22,13,5,6,2,9,16,12,1,4,0,0,,1.96,3.76,3.97,1.82,2.06,2.01,1.9,1.95,3.8,3.5,2.05,3.91,3.83,1.91,2.06
football-data.co.uk,N1,Ередивізі,НІДЕРЛАНДИ,2023-2024,2024-02-25 11:15,Excelsior,Vitesse,1,2,0,0,A,12,14,7,5,10,11,9,7,0,1,0,0,,2.15,3.62,3.49,1.81,2.08,2.03,1.81,2.0,4.0,3.4,2.06,4.04,3.64,1.82,2.2
football-data.co.uk,N1,Ередивізі,НІДЕРЛАНДИ,2023-2024,2024-02-25 13:30,Almere City,Feyenoord,0,2,0,0,A,12,8,6,2,5,5,8,13,3,1,0,0,,10.03,6.07,1.3,1.65,2.35,1.85,2.04,12.0,5.5,1.25,12.9,6.4,1.28,1.7,2.33
football-data.co.uk,N1,Ередивізі,НІДЕРЛАНДИ,2023-2024,2024-02-25 13:30,Twente,Go Ahead Eagles,3,0,2,0,H,21,10,6,2,6,4,11,9,0,2,0,0,,1.56,4.73,5.62,1.69,2.26,1.87,2.05,1.36,5.25,7.5,1.45,5.38,8.5,1.62,2.45
football-data.co.uk,N1,Ередивізі,НІДЕРЛАНДИ,2023-2024,2024-02-25 15:45,AZ Alkmaar,Ajax,2,0,1,0,H,8,9,3,3,2,1,7,15,2,0,0,0,,2.0,4.05,3.56,1.63,2.39,1.92,1.99,1.91,4.2,3.6,1.96,4.24,4.1,1.73,2.38
football-data.co.uk,N1,Ередивізі,НІДЕРЛАНДИ,2023-2024,2024-02-25 19:00,Volendam,Heerenveen,0,4,0,1,A,10,22,4,12,4,10,6,10,0,0,0,1,,4.57,4.12,1.76,1.66,2.31,2.06,1.85,4.75,4.33,1.67,5.1,4.38,1.7,1.7,2.35
football-data.co.uk,N1,Ередивізі,НІДЕРЛАНДИ,2023-2024,2024-03-01 19:00,Volendam,Nijmegen,2,5,0,3,A,14,20,6,11,7,5,6,10,2,2,0,0,,5.32,4.48,1.61,1.6,2.46,1.95,1.95,5.25,4.5,1.55,5.7,4.62,1.65,1.68,2.44
football-data.co.uk,N1,Ередивізі,НІДЕРЛАНДИ,2023-2024,2024-03-02 17:45,Go Ahead Eagles,Waalwijk,1,0,0,0,H,22,19,8,6,9,7,15,9,0,1,0,0,,1.71,4.06,4.98,1.79,2.11,2.02,1.88,1.91,3.6,3.8,2.06,4.0,4.5,1.77,2.26
football-data.co.uk,N1,Ередивізі,НІДЕРЛАНДИ,2023-2024,2024-03-02 19:00,Vitesse,Twente,1,2,1,1,A,6,15,3,5,2,8,13,11,0,2,0,0,,5.53,4.15,1.64,1.84,2.06,2.02,1.88,4.5,4.2,1.7,5.0,4.27,1.74,1.7,2.33
football-data.co.uk,N1,Ередивізі,НІДЕРЛАНДИ,2023-2024,2024-03-02 20:00,Sparta Rotterdam,AZ Alkmaar,1,1,0,1,D,14,15,6,4,5,6,18,5,0,2,0,0,,4.37,3.67,1.89,2.0,1.89,1.87,2.04,3.5,3.5,2.0,3.84,3.64,2.11,2.02,1.94
football-data.co.uk,N1,Ередивізі,НІДЕРЛАНДИ,2023-2024,2024-03-03 11:15,Ajax,Utrecht,2,0,1,0,H,14,6,8,2,1,3,11,12,1,2,1,0,,1.83,4.31,3.97,1.58,2.49,2.05,1.87,2.0,3.8,3.25,2.07,3.96,3.76,1.85,2.25
football-data.co.uk,N1,Ередивізі,НІДЕРЛАНДИ,2023-2024,2024-03-03 13:30,Heerenveen,Zwolle,2,0,1,0,H,15,11,6,3,4,6,18,9,3,2,0,0,,1.66,4.45,4.94,1.67,2.3,1.95,1.95,1.44,4.75,7.0,1.49,5.0,7.04,1.64,2.5
football-data.co.uk,N1,Ередивізі,НІДЕРЛАНДИ,2023-2024,2024-03-03 13:30,PSV Eindhoven,Feyenoord,2,2,1,1,D,17,9,8,6,9,2,10,10,4,3,0,0,,2.08,3.66,3.65,1.82,2.07,1.88,2.03,1.83,3.6,4.2,1.93,3.9,4.39,1.87,2.29
football-data.co.uk,N1,Ередивізі,НІДЕРЛАНДИ,2023-2024,2024-03-03 15:45,For Sittard,Excelsior,5,2,4,0,H,17,5,8,2,6,1,9,6,2,3,0,0,,1.93,3.7,4.13,1.92,1.97,1.88,2.03,1.85,4.0,3.8,1.91,4.0,4.3,1.94,2.11
football-data.co.uk,N1,Ередивізі,НІДЕРЛАНДИ,2023-2024,2024-03-03 19:00,Heracles,Almere City,2,2,0,2,D,16,14,5,6,5,1,17,12,2,3,0,1,,2.69,3.38,2.78,2.06,1.84,1.9,2.01,2.6,3.3,2.75,2.71,3.49,2.85,2.18,1.83
football-data.co.uk,N1,Ередивізі,НІДЕРЛАНДИ,2023-2024,2024-03-08 19:00,Go Ahead Eagles,PSV Eindhoven,0,1,0,1,A,12,21,4,11,4,9,9,5,0,2,0,1,,6.88,5.39,1.43,1.42,2.97,2.07,1.85,7.0,5.0,1.4,7.6,5.5,1.45,1.49,3.07
football-data.co.uk,N1,Ередивізі,НІДЕРЛАНДИ,2023-2024,2024-03-09 17:45,Twente,Sparta Rotterdam,2,1,1,0,H,19,5,5,2,7,3,7,11,1,1,0,0,,1.43,4.85,7.79,1.75,2.17,1.88,2.03,1.36,5.0,7.5,1.42,5.26,8.27,1.61,2.47
football-data.co.uk,N1,Ередивізі,НІДЕРЛАНДИ,2023-2024,2024-03-09 19:00,Almere City,Utrecht,1,1,1,1,D,9,12,1,4,6,7,15,15,1,2,0,0,,3.87,3.35,2.12,2.19,1.73,2.02,1.88,3.5,3.4,2.15,3.74,3.45,2.23,2.4,1.68
football-data.co.uk,N1,Ередивізі,НІДЕРЛАНДИ,2023-2024,2024-03-09 20:00,Waalwijk,Vitesse,3,1,1,0,H,17,19,6,5,4,5,11,9,2,0,0,0,,2.33,3.58,3.12,1.85,2.04,2.01,1.89,2.25,3.5,3.1,2.35,3.6,3.28,2.02,2.12
football-data.co.uk,N1,Ередивізі,НІДЕРЛАНДИ,2023-2024,2024-03-10 11:15,AZ Alkmaar,Excelsior,4,0,3,0,H,16,4,10,0,3,0,5,9,0,1,0,0,,1.27,6.41,10.85,1.54,2.56,1.75,2.17,1.22,7.0,13.0,1.3,7.5,14.5,1.75,2.93
football-data.co.uk,N1,Ередивізі,НІДЕРЛАНДИ,2023-2024,2024-03-10 13:30,Ajax,For Sittard,2,2,1,0,D,18,9,8,4,10,2,8,12,1,0,0,0,,1.47,4.89,6.74,1.61,2.42,1.88,2.03,1.5,4.2,6.5,1.57,4.42,6.73,2.02,2.12
football-data.co.uk,N1,Ередивізі,НІДЕРЛАНДИ,2023-2024,2024-03-10 13:30,Zwolle,Volendam,1,1,0,0,D,23,10,10,4,8,3,11,2,0,1,0,0,,1.6,4.5,5.43,1.64,2.37,1.92,1.99,1.44,5.25,6.0,1.49,5.34,7.5,1.58,2.61
football-data.co.uk,N1,Ередивізі,НІДЕРЛАНДИ,2023-2024,2024-03-10 15:45,Nijmegen,Heerenveen,2,0,0,0,H,12,12,5,0,8,6,12,8,0,0,0,0,,2.1,3.66,3.59,1.74,2.18,1.86,2.05,2.05,3.6,3.3,2.16,3.75,3.47,1.77,2.22
football-data.co.uk,N1,Ередивізі,НІДЕРЛАНДИ,2023-2024,2024-03-10 19:00,Feyenoord,Heracles,3,0,2,0,H,20,3,5,2,9,5,5,5,0,0,0,0,,1.08,15.09,25.91,1.22,4.39,1.88,1.99,1.09,11.0,21.0,1.1,15.0,31.0,1.28,4.28
football-data.co.uk,N1,Ередивізі,НІДЕРЛАНДИ,2023-2024,2024-03-15 19:00,Heracles,Go Ahead Eagles,2,0,0,0,H,11,18,3,4,2,8,8,13,2,2,0,0,,3.23,3.68,2.24,1.64,2.36,1.88,2.02,2.9,3.6,2.3,3.27,3.8,2.33,1.62,2.49
football-data.co.uk,N1,Ередивізі,НІДЕРЛАНДИ,2023-2024,2024-03-16 17:45,For Sittard,Zwolle,3,1,1,0,H,22,5,12,3,7,5,11,9,1,3,0,0,,1.79,4.02,4.47,1.81,2.07,2.01,1.9,1.73,4.0,4.5,1.8,4.08,4.71,1.94,2.02
football-data.co.uk,N1,Ередивізі,НІДЕРЛАНДИ,2023-2024,2024-03-16 19:00,Excelsior,Waalwijk,1,1,1,0,D,18,16,5,5,7,4,11,6,1,2,0,0,,2.3,3.64,3.14,1.82,2.06,2.15,1.78,2.4,3.4,2.88,2.53,3.65,3.0,2.2,2.2
football-data.co.uk,N1,Ередивізі,НІДЕРЛАНДИ,2023-2024,2024-03-16 20:00,Vitesse,Almere City,1,1,0,1,D,22,8,7,4,8,2,19,13,3,3,0,0,,2.3,3.3,3.44,2.15,1.76,1.98,2.0,2.2,3.2,3.6,2.31,3.4,3.78,2.17,1.81
football-data.co.uk,N1,Ередивізі,НІДЕРЛАНДИ,2023-2024,2024-03-17 11:15,Volendam,AZ Alkmaar,0,4,0,2,A,6,20,2,8,3,4,8,7,0,2,0,0,,11.26,6.47,1.26,1.49,2.7,2.03,1.87,13.0,7.5,1.18,15.34,7.83,1.22,1.45,3.1
football-data.co.uk,N1,Ередивізі,НІДЕРЛАНДИ,2023-2024,2024-03-17 13:30,Heerenveen,Feyenoord,2,3,1,1,A,8,21,3,5,3,8,8,13,1,1,0,0,,6.28,4.87,1.5,1.63,2.38,2.03,1.88,6.5,5.25,1.4,8.0,5.39,1.43,1.66,2.5
football-data.co.uk,N1,Ередивізі,НІДЕРЛАНДИ,2023-2024,2024-03-17 13:30,Utrecht,Nijmegen,1,0,0,0,H,14,9,4,5,5,4,9,14,2,1,0,0,,1.9,3.86,4.11,1.77,2.14,2.07,1.85,2.05,3.4,3.6,2.14,3.65,3.82,1.94,2.09
football-data.co.uk,N1,Ередивізі,НІДЕРЛАНДИ,2023-2024,2024-03-17 15:45,Sparta Rotterdam,Ajax,2,2,1,0,D,11,13,5,7,2,7,9,5,0,1,0,1,,3.41,3.69,2.16,1.71,2.23,1.97,1.93,3.25,3.4,2.2,3.43,3.65,2.28,1.78,2.23
football-data.co.uk,N1,Ередивізі,НІДЕРЛАНДИ,2023-2024,2024-03-17 19:00,PSV Eindhoven,Twente,1,0,0,0,H,17,11,5,2,4,7,13,7,2,4,0,0,,1.43,5.05,7.32,1.61,2.43,2.06,1.85,1.4,5.0,7.5,1.42,5.5,8.0,1.5,2.85
football-data.co.uk,N1,Ередивізі,НІДЕРЛАНДИ,2023-2024,2024-03-30 15:30,Nijmegen,PSV Eindhoven,3,1,1,1,H,8,27,4,6,1,7,7,5,0,2,0,0,,6.36,5.19,1.45,1.5,2.69,1.91,2.0,8.0,5.25,1.33,8.5,5.7,1.39,1.53,2.86
football-data.co.uk,N1,Ередивізі,НІДЕРЛАНДИ,2023-2024,2024-03-30 17:45,Sparta Rotterdam,For Sittard,4,0,1,0,H,17,14,9,3,9,4,9,5,0,0,0,0,,2.2,3.53,3.39,2.05,1.85,1.95,1.95,2.2,3.4,3.3,2.32,3.49,3.43,2.17,1.84
football-data.co.uk,N1,Ередивізі,НІДЕРЛАНДИ,2023-2024,2024-03-30 19:00,Go Ahead Eagles,Excelsior,3,0,1,0,H,18,10,6,0,4,5,10,10,1,2,0,0,,1.6,4.56,5.25,1.59,2.47,2.01,1.89,1.45,4.5,7.0,1.51,4.9,7.0,1.73,2.86
football-data.co.uk,N1,Ередивізі,НІДЕРЛАНДИ,2023-2024,2024-03-30 19:00,Waalwijk,Heerenveen,1,1,0,0,D,9,10,3,6,4,6,10,12,1,1,0,0,,2.89,3.52,2.48,1.81,2.08,1.79,2.12,2.8,3.6,2.4,2.89,3.69,2.51,1.82,2.2
football-data.co.uk,N1,Ередивізі,НІДЕРЛАНДИ,2023-2024,2024-03-30 20:00,AZ Alkmaar,Vitesse,2,0,0,0,H,17,8,5,2,9,6,5,11,0,0,0,0,,1.28,6.12,10.27,1.57,2.48,2.07,1.83,1.22,6.0,13.0,1.22,7.5,16.1,1.51,2.8
football-data.co.uk,N1,Ередивізі,НІДЕРЛАНДИ,2023-2024,2024-03-31 11:15,Zwolle,Ajax,1,3,0,2,A,13,9,4,5,2,1,6,13,4,2,0,0,,4.59,4.16,1.73,1.56,2.54,1.91,1.99,5.25,4.2,1.6,5.81,4.53,1.62,1.5,2.88
football-data.co.uk,N1,Ередивізі,НІДЕРЛАНДИ,2023-2024,2024-03-31 13:30,Feyenoord,Utrecht,4,2,1,2,H,27,3,10,3,10,1,8,10,3,2,0,0,,1.36,5.59,8.11,1.63,2.37,1.88,2.02,1.3,5.25,9.5,1.31,6.2,10.8,1.59,2.63
football-data.co.uk,N1,Ередивізі,НІДЕРЛАНДИ,2023-2024,2024-03-31 13:30,Twente,Heracles,1,0,0,0,H,11,5,3,1,9,3,22,11,1,4,0,0,,1.23,6.87,12.1,1.45,2.78,1.96,1.93,1.18,6.5,15.0,1.22,7.8,16.2,1.47,2.93
football-data.co.uk,N1,Ередивізі,НІДЕРЛАНДИ,2023-2024,2024-03-31 15:45,Almere City,Volendam,1,1,0,0,D,14,18,7,6,4,7,11,9,2,3,0,0,,1.46,4.71,7.18,1.76,2.15,1.91,2.0,1.4,5.0,7.0,1.44,5.2,8.5,1.72,2.29
football-data.co.uk,N1,Ередивізі,НІДЕРЛАНДИ,2023-2024,2024-04-02 17:45,Vitesse,Sparta Rotterdam,1,4,1,3,A,21,12,6,7,8,4,6,7,1,0,0,0,,2.79,3.54,2.55,1.78,2.04,1.83,2.09,2.8,3.75,2.38,3.12,3.76,2.4,1.85,2.11
football-data.co.uk,N1,Ередивізі,НІДЕРЛАНДИ,2023-2024,2024-04-02 19:00,Excelsior,PSV Eindhoven,0,2,0,0,A,0,21,0,5,1,12,8,4,1,0,0,0,,14.0,9.18,1.16,1.23,4.07,1.85,2.04,13.0,9.0,1.14,20.0,10.13,1.16,1.29,4.25
football-data.co.uk,N1,Ередивізі,НІДЕРЛАНДИ,2023-2024,2024-04-02 20:00,For Sittard,Nijmegen,1,1,0,0,D,30,6,8,1,9,2,6,9,2,1,0,0,,2.39,3.28,3.23,2.09,1.75,2.08,1.83,2.4,3.4,2.9,2.52,3.48,3.1,2.06,1.9
football-data.co.uk,N1,Ередивізі,НІДЕРЛАНДИ,2023-2024,2024-04-03 17:45,Heracles,AZ Alkmaar,5,0,3,0,H,21,18,9,4,4,6,10,8,2,1,0,0,,7.0,4.77,1.46,1.7,2.24,1.87,2.04,6.5,5.0,1.44,7.8,5.07,1.47,1.78,2.23
football-data.co.uk,N1,Ередивізі,НІДЕРЛАНДИ,2023-2024,2024-04-03 19:00,Utrecht,Zwolle,5,1,0,0,H,18,5,7,2,5,0,7,6,0,1,0,0,,1.51,4.65,6.29,1.7,2.24,2.02,1.89,1.4,4.75,7.0,1.47,4.99,7.4,1.79,2.33
football-data.co.uk,N1,Ередивізі,НІДЕРЛАНДИ,2023-2024,2024-04-03 20:00,Heerenveen,Twente,3,3,2,3,D,9,14,5,6,3,4,8,11,1,2,0,0,,3.66,3.92,1.97,1.77,2.14,1.85,2.06,4.0,4.2,1.8,4.5,4.25,1.88,1.8,2.17
football-data.co.uk,N1,Ередивізі,НІДЕРЛАНДИ,2023-2024,2024-04-04 17:45,Volendam,Feyenoord,0,0,0,0,D,9,23,1,10,0,6,22,5,6,2,0,0,,21.73,12.73,1.09,1.22,4.36,1.95,1.92,21.0,11.0,1.1,27.0,13.0,1.11,1.23,4.7
football-data.co.uk,N1,Ередивізі,НІДЕРЛАНДИ,2023-2024,2024-04-04 19:00,Waalwijk,Almere City,0,0,0,0,D,15,9,3,0,5,6,7,16,2,1,0,0,,2.28,3.43,3.3,2.0,1.88,1.8,2.11,2.05,3.6,3.4,2.13,3.67,3.74,2.04,1.98
football-data.co.uk,N1,Ередивізі,НІДЕРЛАНДИ,2023-2024,2024-04-04 20:00,Ajax,Go Ahead Eagles,1,1,1,0,D,21,10,7,4,2,6,8,6,1,0,0,0,,1.48,4.89,6.29,1.5,2.68,2.04,1.87,1.6,4.5,5.0,1.65,4.6,5.5,1.63,2.66
football-data.co.uk,N1,Ередивізі,НІДЕРЛАНДИ,2023-2024,2024-04-06 15:30,Sparta Rotterdam,Heracles,1,2,1,0,A,21,8,4,4,9,3,13,13,1,3,0,0,,1.67,4.24,4.95,1.65,2.34,1.79,2.04,1.65,4.0,5.0,1.71,4.5,5.5,1.7,2.52
football-data.co.uk,N1,Ередивізі,НІДЕРЛАНДИ,2023-2024,2024-04-06 17:45,PSV Eindhoven,AZ Alkmaar,5,1,2,0,H,18,10,8,6,4,7,4,9,2,2,0,0,,1.44,4.93,7.1,1.63,2.37,1.91,2.0,1.44,5.0,6.5,1.46,5.2,7.5,1.58,2.7
football-data.co.uk,N1,Ередивізі,НІДЕРЛАНДИ,2023-2024,2024-04-06 19:00,Zwolle,Excelsior,2,1,1,0,H,25,8,11,4,9,5,13,11,1,2,0,0,,1.99,3.94,3.59,1.6,2.44,1.94,1.96,1.91,3.6,4.0,2.01,3.9,4.0,1.85,2.24
football-data.co.uk,N1,Ередивізі,НІДЕРЛАНДИ,2023-2024,2024-04-06 20:00,Twente,For Sittard,2,0,0,0,H,26,4,8,2,7,0,9,10,0,4,0,1,,1.41,4.89,7.88,1.79,2.11,1.9,2.01,1.4,5.0,7.0,1.43,5.13,8.15,1.77,2.25
football-data.co.uk,N1,Ередивізі,НІДЕРЛАНДИ,2023-2024,2024-04-07 11:15,Vitesse,Nijmegen,0,3,0,0,A,20,8,6,7,7,1,16,14,2,4,0,0,,3.07,3.59,2.33,1.74,2.18,1.84,2.07,2.9,3.75,2.3,3.06,3.81,2.37,1.73,2.31
football-data.co.uk,N1,Ередивізі,НІДЕРЛАНДИ,2023-2024,2024-04-07 13:30,Feyenoord,Ajax,6,0,3,0,H,30,1,15,1,9,1,9,12,0,2,0,0,,1.44,5.1,6.65,1.51,2.65,1.94,1.96,1.36,5.0,8.0,1.41,5.65,8.5,1.44,3.63
football-data.co.uk,N1,Ередивізі,НІДЕРЛАНДИ,2023-2024,2024-04-07 13:30,Go Ahead Eagles,Almere City,1,1,1,1,D,12,18,4,6,3,7,5,12,2,1,0,0,,1.66,4.11,5.24,1.82,2.07,1.92,1.99,1.7,3.8,5.0,1.74,4.1,5.4,1.9,2.16
football-data.co.uk,N1,Ередивізі,НІДЕРЛАНДИ,2023-2024,2024-04-07 15:45,Volendam,Waalwijk,3,2,2,0,H,20,15,8,8,6,7,13,11,3,2,0,0,,3.71,3.87,1.97,1.71,2.22,1.88,2.03,3.5,3.8,1.95,3.6,3.92,2.04,1.68,2.42
football-data.co.uk,N1,Ередивізі,НІДЕРЛАНДИ,2023-2024,2024-04-07 19:00,Heerenveen,Utrecht,2,3,0,1,A,13,18,5,6,5,3,10,10,2,1,1,0,,2.68,3.47,2.69,1.88,2.02,2.15,1.79,2.45,3.2,3.0,2.6,3.47,3.07,2.25,2.0
football-data.co.uk,N1,Ередивізі,НІДЕРЛАНДИ,2023-2024,2024-04-12 19:00,Excelsior,Volendam,4,0,2,0,H,35,13,15,5,11,2,9,9,2,4,1,1,,1.79,4.2,4.19,1.54,2.6,1.86,2.05,1.67,4.5,4.5,1.77,4.5,4.76,1.54,2.72
football-data.co.uk,N1,Ередивізі,НІДЕРЛАНДИ,2023-2024,2024-04-13 15:30,PSV Eindhoven,Vitesse,6,0,3,0,H,29,9,12,0,5,4,6,13,0,1,0,0,,1.05,17.71,34.85,1.2,4.6,1.82,2.05,1.07,15.0,21.0,1.08,17.0,41.0,1.18,5.93
football-data.co.uk,N1,Ередивізі,НІДЕРЛАНДИ,2023-2024,2024-04-13 17:45,AZ Alkmaar,Waalwijk,3,2,0,2,H,21,5,7,3,8,1,10,13,1,3,0,0,,1.3,6.07,9.38,1.53,2.62,1.88,2.03,1.3,5.25,10.0,1.34,6.0,10.5,1.53,2.72
football-data.co.uk,N1,Ередивізі,НІДЕРЛАНДИ,2023-2024,2024-04-13 20:00,Almere City,Sparta Rotterdam,2,3,1,2,A,13,13,2,5,8,6,18,3,3,0,0,0,,2.79,3.44,2.61,1.93,1.95,2.1,1.82,2.8,3.4,2.45,2.92,3.5,2.61,2.02,2.01
football-data.co.uk,N1,Ередивізі,НІДЕРЛАНДИ,2023-2024,2024-04-14 11:15,Heracles,Heerenveen,0,2,0,1,A,12,20,3,7,8,8,9,14,1,1,0,0,,2.86,3.59,2.47,1.73,2.2,2.02,1.88,2.63,3.5,2.6,2.75,3.7,2.63,1.69,2.38
football-data.co.uk,N1,Ередивізі,НІДЕРЛАНДИ,2023-2024,2024-04-14 13:30,For Sittard,Feyenoord,0,1,0,1,A,14,10,3,3,3,6,7,15,2,3,0,0,,8.1,5.33,1.37,1.66,2.33,1.89,2.01,7.5,5.5,1.36,9.0,5.7,1.38,1.6,2.54
football-data.co.uk,N1,Ередивізі,НІДЕРЛАНДИ,2023-2024,2024-04-14 13:30,Utrecht,Go Ahead Eagles,2,1,1,1,H,16,14,6,3,5,3,7,7,1,0,0,0,,1.76,3.99,4.6,1.7,2.24,2.06,1.85,1.8,3.6,4.5,1.83,4.0,5.1,1.85,2.19
football-data.co.uk,N1,Ередивізі,НІДЕРЛАНДИ,2023-2024,2024-04-14 15:45,Ajax,Twente,2,1,0,1,H,8,7,4,3,2,6,4,14,2,1,0,0,,2.79,3.61,2.51,1.65,2.35,2.13,1.81,2.4,3.25,3.1,2.52,3.5,3.1,1.85,2.13
football-data.co.uk,N1,Ередивізі,НІДЕРЛАНДИ,2023-2024,2024-04-14 19:00,Nijmegen,Zwolle,2,2,0,1,D,16,10,9,5,10,3,7,22,2,4,0,0,,1.56,4.61,5.64,1.57,2.52,2.01,1.9,1.57,4.33,5.0,1.63,4.65,5.5,1.6,2.51
football-data.co.uk,N1,Ередивізі,НІДЕРЛАНДИ,2023-2024,2024-04-24 17:45,Twente,Almere City,3,1,1,0,H,15,7,8,2,8,4,6,11,1,1,0,0,,1.29,5.84,11.11,1.71,2.23,1.85,2.06,1.29,5.5,11.0,1.31,6.0,15.0,1.94,2.29
football-data.co.uk,N1,Ередивізі,НІДЕРЛАНДИ,2023-2024,2024-04-24 20:00,Ajax,Excelsior,2,2,1,1,D,8,9,5,4,4,3,6,11,2,2,1,0,,1.29,6.27,9.21,1.42,2.95,2.34,1.66,1.4,5.0,7.5,1.4,6.8,9.5,1.51,3.52
football-data.co.uk,N1,Ередивізі,НІДЕРЛАНДИ,2023-2024,2024-04-25 17:45,Heerenveen,PSV Eindhoven,0,8,0,5,A,8,16,2,11,2,1,9,6,0,0,0,0,,7.1,5.79,1.38,1.43,2.97,1.96,1.94,7.5,5.25,1.36,8.9,5.6,1.39,1.4,3.35
football-data.co.uk,N1,Ередивізі,НІДЕРЛАНДИ,2023-2024,2024-04-25 20:00,Go Ahead Eagles,Feyenoord,1,3,1,2,A,16,17,6,7,9,3,6,11,0,0,0,0,,5.43,4.97,1.53,1.58,2.48,1.97,1.93,5.75,4.2,1.57,6.4,4.7,1.61,1.64,2.66
football-data.co.uk,N1,Ередивізі,НІДЕРЛАНДИ,2023-2024,2024-04-28 11:15,Nijmegen,AZ Alkmaar,0,3,0,1,A,14,11,6,6,3,2,7,15,2,4,0,0,,3.42,3.75,2.1,1.73,2.19,2.06,1.85,3.1,4.0,2.1,3.36,4.07,2.16,1.78,2.32
football-data.co.uk,N1,Ередивізі,НІДЕРЛАНДИ,2023-2024,2024-04-28 11:15,Zwolle,Heracles,3,1,1,1,H,22,10,6,4,8,8,12,14,3,3,0,0,,2.16,3.65,3.38,1.65,2.34,1.85,2.07,2.05,4.0,3.25,2.27,4.06,3.4,1.6,2.61
football-data.co.uk,N1,Ередивізі,НІДЕРЛАНДИ,2023-2024,2024-04-28 13:30,Sparta Rotterdam,Volendam,1,0,0,0,H,10,10,3,2,5,9,7,11,1,2,0,0,,1.34,5.95,8.2,1.43,2.93,1.89,1.99,1.22,7.0,11.0,1.25,7.5,12.5,1.32,3.89
football-data.co.uk,N1,Ередивізі,НІДЕРЛАНДИ,2023-2024,2024-04-28 13:30,Waalwijk,Utrecht,2,2,1,0,D,9,11,6,5,4,6,14,10,1,2,0,0,,3.26,3.71,2.19,1.79,2.1,2.11,1.8,3.3,3.8,2.05,3.64,3.88,2.1,1.9,2.13
football-data.co.uk,N1,Ередивізі,НІДЕРЛАНДИ,2023-2024,2024-04-28 15:45,Vitesse,For Sittard,3,2,1,1,H,10,19,6,10,3,6,20,8,4,3,1,0,,3.6,3.73,2.05,1.93,1.96,1.93,1.97,3.1,3.6,2.2,3.27,3.8,2.25,1.9,2.12
football-data.co.uk,N1,Ередивізі,НІДЕРЛАНДИ,2023-2024,2024-05-03 19:00,Almere City,Heerenveen,1,1,0,0,D,13,18,4,5,3,9,14,6,2,0,1,0,,2.88,3.46,2.51,1.81,2.08,1.83,2.08,2.9,3.4,2.4,3.06,3.6,2.45,1.9,2.15
football-data.co.uk,N1,Ередивізі,НІДЕРЛАНДИ,2023-2024,2024-05-03 19:00,For Sittard,Go Ahead Eagles,0,0,0,0,D,27,6,5,1,8,0,11,8,1,0,0,0,,2.54,3.58,2.78,1.75,2.16,2.09,1.83,2.3,3.6,2.9,2.42,3.69,3.02,1.82,2.14
football-data.co.uk,N1,Ередивізі,НІДЕРЛАНДИ,2023-2024,2024-05-05 11:15,Heracles,Waalwijk,0,5,0,2,A,16,19,5,10,4,9,8,14,1,1,0,0,,2.32,3.81,2.94,1.63,2.36,2.0,1.91,2.25,3.75,3.0,2.33,3.85,3.14,1.56,2.8
football-data.co.uk,N1,Ередивізі,НІДЕРЛАНДИ,2023-2024,2024-05-05 11:15,PSV Eindhoven,Sparta Rotterdam,4,2,2,2,H,18,7,7,1,3,4,8,9,0,1,0,0,,1.13,10.79,16.62,1.31,3.54,1.88,2.02,1.13,10.0,15.0,1.14,12.0,24.0,1.27,4.47
football-data.co.uk,N1,Ередивізі,НІДЕРЛАНДИ,2023-2024,2024-05-05 13:30,Utrecht,Vitesse,1,0,0,0,H,15,20,6,5,4,7,15,10,0,3,0,0,,1.36,5.44,8.24,1.52,2.63,1.92,1.97,1.25,6.0,11.0,1.28,6.8,11.1,1.45,3.0
football-data.co.uk,N1,Ередивізі,НІДЕРЛАНДИ,2023-2024,2024-05-05 13:30,Volendam,Ajax,1,4,0,1,A,8,17,2,11,1,3,8,7,0,0,0,0,,6.91,6.51,1.35,1.28,3.85,2.06,1.84,10.0,6.5,1.25,10.6,6.83,1.3,1.3,3.87
football-data.co.uk,N1,Ередивізі,НІДЕРЛАНДИ,2023-2024,2024-05-05 15:45,AZ Alkmaar,Twente,2,1,0,1,H,10,15,4,4,4,11,15,8,3,1,0,0,,2.34,3.52,3.1,1.9,1.99,1.93,1.97,2.2,3.4,3.3,2.25,3.5,3.47,2.02,1.99
football-data.co.uk,N1,Ередивізі,НІДЕРЛАНДИ,2023-2024,2024-05-05 19:00,Feyenoord,Zwolle,5,0,2,0,H,30,3,17,0,11,0,8,6,1,1,0,0,,1.08,14.38,23.53,1.32,3.47,1.85,2.02,1.09,11.0,19.0,1.1,14.0,27.0,1.2,5.5
football-data.co.uk,N1,Ередивізі,НІДЕРЛАНДИ,2023-2024,2024-05-06 19:00,Excelsior,Nijmegen,0,3,0,0,A,9,19,1,8,3,6,5,10,1,2,1,0,,2.97,3.85,2.26,1.56,2.53,1.98,1.93,2.2,3.6,3.2,2.35,3.7,3.2,1.6,2.55
football-data.co.uk,N1,Ередивізі,НІДЕРЛАНДИ,2023-2024,2024-05-12 13:30,Ajax,Almere City,3,0,3,0,H,11,3,4,0,4,1,11,14,3,2,0,0,,1.23,6.83,11.68,1.41,2.99,1.91,1.98,1.25,6.5,11.0,1.27,7.0,12.5,1.51,2.75
football-data.co.uk,N1,Ередивізі,НІДЕРЛАНДИ,2023-2024,2024-05-12 13:30,Excelsior,Heracles,4,0,1,0,H,19,6,9,0,7,4,5,16,2,3,0,0,,1.89,4.09,3.79,1.51,2.65,2.09,1.81,1.65,4.33,4.5,1.72,4.5,4.7,1.48,3.12
football-data.co.uk,N1,Ередивізі,НІДЕРЛАНДИ,2023-2024,2024-05-12 13:30,For Sittard,PSV Eindhoven,1,1,1,0,D,10,12,6,5,4,9,12,5,2,0,0,0,,10.22,6.43,1.26,1.43,2.89,1.89,2.0,9.0,6.0,1.29,9.54,6.33,1.34,1.41,3.35
football-data.co.uk,N1,Ередивізі,НІДЕРЛАНДИ,2023-2024,2024-05-12 13:30,Go Ahead Eagles,AZ Alkmaar,0,3,0,2,A,16,17,4,4,3,3,10,14,0,0,0,0,,4.3,3.91,1.83,1.75,2.17,2.07,1.85,4.75,4.2,1.67,5.22,4.5,1.68,1.57,2.63
football-data.co.uk,N1,Ередивізі,НІДЕРЛАНДИ,2023-2024,2024-05-12 13:30,Heerenveen,Vitesse,1,3,1,1,A,22,16,5,7,7,2,10,16,0,3,0,0,,1.46,5.07,6.46,1.45,2.86,2.01,1.89,1.6,4.5,5.0,1.64,4.7,5.4,1.44,3.04
football-data.co.uk,N1,Ередивізі,НІДЕРЛАНДИ,2023-2024,2024-05-12 13:30,Nijmegen,Feyenoord,2,3,0,1,A,12,21,6,6,7,9,9,16,0,3,1,0,,5.16,4.95,1.56,1.47,2.79,2.03,1.88,4.5,4.2,1.67,4.77,4.35,1.75,1.56,2.66
football-data.co.uk,N1,Ередивізі,НІДЕРЛАНДИ,2023-2024,2024-05-12 13:30,Twente,Volendam,7,2,5,2,H,19,6,10,2,13,2,5,4,0,2,0,0,,1.07,15.23,29.84,1.23,4.23,2.0,1.82,1.06,15.0,26.0,1.07,17.0,43.0,1.21,5.61
football-data.co.uk,N1,Ередивізі,НІДЕРЛАНДИ,2023-2024,2024-05-12 13:30,Utrecht,Sparta Rotterdam,0,1,0,0,A,20,10,5,4,12,4,6,7,1,0,0,0,,1.75,4.13,4.48,1.68,2.28,2.04,1.88,1.8,4.0,4.0,1.84,4.1,4.5,1.68,2.45
football-data.co.uk,N1,Ередивізі,НІДЕРЛАНДИ,2023-2024,2024-05-12 13:30,Waalwijk,Zwolle,1,1,0,0,D,22,15,5,11,10,5,6,6,0,1,0,1,,1.71,4.37,4.5,1.55,2.57,2.02,1.89,1.6,4.5,4.75,1.64,4.8,5.25,1.48,2.9
football-data.co.uk,N1,Ередивізі,НІДЕРЛАНДИ,2023-2024,2024-05-19 13:30,Almere City,Nijmegen,1,4,1,2,A,15,21,4,11,6,7,13,9,1,0,0,0,,3.11,3.69,2.13,1.67,2.15,1.85,2.05,3.0,3.6,2.3,3.14,3.84,2.38,1.67,2.34
football-data.co.uk,N1,Ередивізі,НІДЕРЛАНДИ,2023-2024,2024-05-19 13:30,AZ Alkmaar,Utrecht,3,3,3,0,D,7,21,4,11,3,14,8,3,2,0,1,0,,1.42,4.91,6.13,1.48,2.53,1.93,1.96,1.42,5.0,6.5,1.44,5.5,7.6,1.49,2.9
football-data.co.uk,N1,Ередивізі,НІДЕРЛАНДИ,2023-2024,2024-05-19 13:30,Feyenoord,Excelsior,4,0,0,0,H,23,7,7,1,10,6,5,5,0,0,0,0,,1.23,6.79,8.62,1.21,4.01,1.94,1.93,1.22,7.0,9.5,1.25,7.64,11.5,1.26,4.5
football-data.co.uk,N1,Ередивізі,НІДЕРЛАНДИ,2023-2024,2024-05-19 13:30,Heracles,For Sittard,0,0,0,0,D,9,12,3,4,4,6,15,7,1,0,0,0,,2.49,3.43,2.72,1.6,2.33,1.95,1.93,2.6,3.7,2.5,2.66,3.9,2.61,1.56,2.69
football-data.co.uk,N1,Ередивізі,НІДЕРЛАНДИ,2023-2024,2024-05-19 13:30,PSV Eindhoven,Waalwijk,3,1,1,1,H,34,5,9,2,14,3,5,12,0,5,0,1,,1.19,7.39,10.36,1.21,4.13,1.77,2.09,1.13,9.5,17.0,1.17,10.8,20.0,1.16,6.86
football-data.co.uk,N1,Ередивізі,НІДЕРЛАНДИ,2023-2024,2024-05-19 13:30,Sparta Rotterdam,Heerenveen,2,1,0,0,H,10,19,4,5,3,8,6,10,0,2,0,0,,1.95,3.78,3.51,1.53,2.48,1.86,2.03,1.67,4.1,4.75,1.74,4.45,5.01,1.48,3.07
football-data.co.uk,N1,Ередивізі,НІДЕРЛАНДИ,2023-2024,2024-05-19 13:30,Vitesse,Ajax,2,2,1,1,D,15,25,6,5,5,11,10,6,2,2,0,0,,5.23,4.39,1.54,1.36,3.04,1.84,2.06,4.33,4.5,1.65,4.7,4.75,1.68,1.34,3.6
football-data.co.uk,N1,Ередивізі,НІДЕРЛАНДИ,2023-2024,2024-05-19 13:30,Volendam,Go Ahead Eagles,1,2,1,1,A,14,21,4,11,5,8,6,8,0,1,0,0,,5.08,4.58,1.53,1.34,3.07,1.83,2.07,5.25,4.75,1.53,5.5,5.0,1.57,1.32,3.73
football-data.co.uk,N1,Ередивізі,НІДЕРЛАНДИ,2023-2024,2024-05-19 13:30,Zwolle,Twente,1,2,0,0,A,6,26,3,6,1,12,11,6,2,1,0,0,,8.7,6.26,1.25,1.38,2.94,1.97,1.92,7.5,5.5,1.36,8.6,6.6,1.37,1.36,3.5
